Survived,Age,SibSp,Parch,Fare,Pclass_1,Pclass_2,Pclass_3,Embarked_C,Embarked_Q,Embarked_S,Sex_male
0,-0.5300050983330725,0.43255042804180416,-0.4734077245683853,-0.5021631365156053,0.0,0.0,1.0,0.0,0.0,1.0,1.0
1,0.5714304118216113,0.43255042804180416,-0.4734077245683853,0.7864036178345382,1.0,0.0,0.0,1.0,0.0,0.0,0.0
1,-0.2546462207944016,-0.4742788222764252,-0.4734077245683853,-0.48857985158126094,0.0,0.0,1.0,0.0,0.0,1.0,0.0
1,0.36491125366760807,0.43255042804180416,-0.4734077245683853,0.42049406976540915,1.0,0.0,0.0,0.0,0.0,1.0,0.0
0,0.36491125366760807,-0.4742788222764252,-0.4734077245683853,-0.48606442844527126,0.0,0.0,1.0,0.0,0.0,1.0,1.0
0,1.7302323547968514,-0.4742788222764252,-0.4734077245683853,-0.47784805031387456,0.0,0.0,1.0,0.0,1.0,0.0,1.0
0,1.672865921976295,-0.4742788222764252,-0.4734077245683853,0.39559138071911126,1.0,0.0,0.0,0.0,0.0,1.0,1.0
0,-1.9067994860264272,2.246208928678263,0.7671989889328833,-0.22395733767514672,0.0,0.0,1.0,0.0,0.0,1.0,1.0
1,-0.18580650140973382,-0.4742788222764252,2.007805702434152,-0.4240179952036955,0.0,0.0,1.0,0.0,0.0,1.0,0.0
1,-1.0807228534104143,0.43255042804180416,-0.4734077245683853,-0.042931390101259084,0.0,1.0,0.0,1.0,0.0,0.0,0.0
1,-1.7691200472570916,0.43255042804180416,0.7671989889328833,-0.3119971474347855,0.0,0.0,1.0,0.0,0.0,1.0,0.0
1,1.948224799514966,-0.4742788222764252,-0.4734077245683853,-0.11378180431879874,1.0,0.0,0.0,0.0,0.0,1.0,0.0
0,-0.6676845371024079,-0.4742788222764252,-0.4734077245683853,-0.48606442844527126,0.0,0.0,1.0,0.0,0.0,1.0,1.0
0,0.640270131206279,0.43255042804180416,5.729625842937959,-0.01869880977838891,0.0,0.0,1.0,0.0,0.0,1.0,1.0
0,-1.0807228534104143,-0.4742788222764252,-0.4734077245683853,-0.49000458724548557,0.0,0.0,1.0,0.0,0.0,1.0,0.0
1,1.7417056413609626,-0.4742788222764252,-0.4734077245683853,-0.3260835169963277,0.0,1.0,0.0,0.0,0.0,1.0,0.0
0,-1.9067994860264272,3.1530381789964923,0.7671989889328833,-0.06196408771741136,0.0,0.0,1.0,0.0,1.0,0.0,1.0
1,0.27312496115471774,-0.4742788222764252,-0.4734077245683853,-0.38645367226008,0.0,1.0,0.0,0.0,0.0,1.0,1.0
0,0.08955237612893711,0.43255042804180416,-0.4734077245683853,-0.2858367468204928,0.0,0.0,1.0,0.0,0.0,1.0,0.0
1,-1.0118831340257466,-0.4742788222764252,-0.4734077245683853,-0.5026662211428031,0.0,0.0,1.0,1.0,0.0,0.0,0.0
0,0.36491125366760807,-0.4742788222764252,-0.4734077245683853,-0.12484966611715334,0.0,1.0,0.0,0.0,0.0,1.0,1.0
1,0.2960715342829403,-0.4742788222764252,-0.4734077245683853,-0.38645367226008,0.0,1.0,0.0,0.0,0.0,1.0,1.0
1,-1.0118831340257466,-0.4742788222764252,-0.4734077245683853,-0.4864829948551,0.0,0.0,1.0,0.0,1.0,0.0,0.0
1,-0.11696678202506608,-0.4742788222764252,-0.4734077245683853,0.06632249221806229,1.0,0.0,0.0,0.0,0.0,1.0,1.0
0,-1.4937611697184208,2.246208928678263,0.7671989889328833,-0.22395733767514672,0.0,0.0,1.0,0.0,0.0,1.0,0.0
1,0.5714304118216113,0.43255042804180416,5.729625842937959,-0.01643492895599818,0.0,0.0,1.0,0.0,0.0,1.0,0.0
0,0.4222776864881645,-0.4742788222764252,-0.4734077245683853,-0.5026662211428031,0.0,0.0,1.0,1.0,0.0,0.0,1.0
0,-0.7365242564870756,2.246208928678263,2.007805702434152,4.6443925997192785,1.0,0.0,0.0,0.0,0.0,1.0,1.0
1,-0.4267455192560709,-0.4742788222764252,-0.4734077245683853,-0.48950150261828757,0.0,0.0,1.0,0.0,1.0,0.0,0.0
0,-0.1169667820250661,-0.4742788222764252,-0.4734077245683853,-0.48916745442582815,0.0,0.0,1.0,0.0,0.0,1.0,1.0
0,0.7091098505909467,-0.4742788222764252,-0.4734077245683853,-0.09022134505786501,1.0,0.0,0.0,1.0,0.0,0.0,1.0
1,-0.4152722326919596,0.43255042804180416,-0.4734077245683853,2.3004368033867264,1.0,0.0,0.0,1.0,0.0,0.0,0.0
1,-0.4955852386407386,-0.4742788222764252,-0.4734077245683853,-0.4921014439716465,0.0,0.0,1.0,0.0,1.0,0.0,0.0
0,2.4989425545923076,-0.4742788222764252,-0.4734077245683853,-0.4367621349798736,0.0,1.0,0.0,0.0,0.0,1.0,1.0
0,-0.11696678202506608,0.43255042804180416,-0.4734077245683853,1.0054969729792393,1.0,0.0,0.0,1.0,0.0,0.0,1.0
0,0.8467892893602822,0.43255042804180416,-0.4734077245683853,0.3983583461687,1.0,0.0,0.0,0.0,0.0,1.0,1.0
1,-0.34643251330729186,-0.4742788222764252,-0.4734077245683853,-0.5025817029254339,0.0,0.0,1.0,1.0,0.0,0.0,1.0
0,-0.5988448177177402,-0.4742788222764252,-0.4734077245683853,-0.48606442844527126,0.0,0.0,1.0,0.0,0.0,1.0,1.0
0,-0.8053639758717435,1.3393796783600334,-0.4734077245683853,-0.2858367468204928,0.0,0.0,1.0,0.0,0.0,1.0,0.0
1,-1.0807228534104143,0.43255042804180416,-0.4734077245683853,-0.42183662026016516,0.0,0.0,1.0,1.0,0.0,0.0,0.0
0,0.7091098505909467,0.43255042804180416,-0.4734077245683853,-0.45738860469498893,0.0,0.0,1.0,0.0,0.0,1.0,0.0
0,-0.18580650140973382,0.43255042804180416,-0.4734077245683853,-0.2254665915567405,0.0,1.0,0.0,0.0,0.0,1.0,0.0
0,0.18133866864182743,-0.4742788222764252,-0.4734077245683853,-0.48916745442582815,0.0,0.0,1.0,1.0,0.0,0.0,1.0
1,-1.8379597666417595,0.43255042804180416,2.007805702434152,0.18865657484452994,0.0,1.0,0.0,1.0,0.0,0.0,0.0
1,-0.7365242564870756,-0.4742788222764252,-0.4734077245683853,-0.48950150261828757,0.0,0.0,1.0,0.0,1.0,0.0,0.0
0,-0.3005393670508467,-0.4742788222764252,-0.4734077245683853,-0.48606442844527126,0.0,0.0,1.0,0.0,0.0,1.0,1.0
0,1.7302323547968512,0.43255042804180416,-0.4734077245683853,-0.3361452095402864,0.0,0.0,1.0,0.0,1.0,0.0,1.0
1,-0.4955852386407386,-0.4742788222764252,-0.4734077245683853,-0.4921014439716465,0.0,0.0,1.0,0.0,1.0,0.0,0.0
0,-0.5529516714612951,1.3393796783600334,-0.4734077245683853,-0.21179878840502697,0.0,0.0,1.0,1.0,0.0,0.0,1.0
0,-0.8053639758717435,0.43255042804180416,-0.4734077245683853,-0.2898614238380763,0.0,0.0,1.0,0.0,0.0,1.0,0.0
0,-1.5626008891030885,3.1530381789964923,0.7671989889328833,0.15058916727371655,0.0,0.0,1.0,0.0,0.0,1.0,1.0
0,-0.5988448177177402,-0.4742788222764252,-0.4734077245683853,-0.4910952747172506,0.0,0.0,1.0,0.0,0.0,1.0,1.0
1,1.3286673250529564,0.43255042804180416,-0.4734077245683853,0.8959935606848278,1.0,0.0,0.0,1.0,0.0,0.0,0.0
1,-0.04812706264039835,0.43255042804180416,-0.4734077245683853,-0.12484966611715334,0.0,1.0,0.0,0.0,0.0,1.0,0.0
0,2.43010283520764,-0.4742788222764252,0.7671989889328833,0.5991736306380456,1.0,0.0,0.0,1.0,0.0,0.0,1.0
1,0.7091098505909468,-0.4742788222764252,-0.4734077245683853,0.06632249221806229,1.0,0.0,0.0,0.0,0.0,1.0,1.0
1,-0.5988448177177402,-0.4742788222764252,-0.4734077245683853,-0.4367621349798736,0.0,1.0,0.0,0.0,0.0,1.0,0.0
0,-0.08254692233273221,-0.4742788222764252,-0.4734077245683853,-0.5025817029254339,0.0,0.0,1.0,1.0,0.0,0.0,1.0
1,-1.700280327872424,0.43255042804180416,2.007805702434152,-0.08963374221329784,0.0,1.0,0.0,0.0,0.0,1.0,0.0
0,-1.2872420115644176,4.059867429314721,2.007805702434152,0.295729082220321,0.0,0.0,1.0,0.0,0.0,1.0,1.0
0,-0.5300050983330725,-0.4742788222764252,-0.4734077245683853,-0.5025817029254339,0.0,0.0,1.0,1.0,0.0,0.0,1.0
1,0.5714304118216113,-0.4742788222764252,-0.4734077245683853,0.9618131286303881,1.0,0.0,0.0,0.0,0.0,0.0,0.0
0,1.0533084475142853,0.43255042804180416,-0.4734077245683853,1.0317418918109011,1.0,0.0,0.0,0.0,0.0,1.0,1.0
0,-1.7691200472570916,2.246208928678263,2.007805702434152,-0.08661523445011025,0.0,0.0,1.0,0.0,0.0,1.0,1.0
0,0.364911253667608,-0.4742788222764252,-0.4734077245683853,-0.09022134505786501,1.0,0.0,0.0,1.0,0.0,0.0,1.0
1,-0.8512571221281885,0.43255042804180416,0.7671989889328833,-0.34126057402963506,0.0,0.0,1.0,1.0,0.0,0.0,1.0
1,-0.04812706264039835,-0.4742788222764252,-0.4734077245683853,-0.4367621349798736,0.0,1.0,0.0,0.0,0.0,1.0,0.0
0,-0.7365242564870756,-0.4742788222764252,-0.4734077245683853,-0.4838850658402498,0.0,0.0,1.0,0.0,0.0,1.0,1.0
1,-0.8742036952564112,3.1530381789964923,2.007805702434152,-0.48857985158126094,0.0,0.0,1.0,0.0,0.0,1.0,0.0
0,-0.2546462207944016,1.3393796783600334,-0.4734077245683853,-0.47373885507892183,0.0,0.0,1.0,0.0,0.0,1.0,1.0
0,0.15839209551360486,-0.4742788222764252,-0.4734077245683853,-0.4367621349798736,0.0,1.0,0.0,0.0,0.0,1.0,1.0
0,-0.9430434146410789,4.059867429314721,2.007805702434152,0.295729082220321,0.0,0.0,1.0,0.0,0.0,1.0,0.0
0,-0.5988448177177402,-0.4742788222764252,-0.4734077245683853,0.8310111255589248,0.0,1.0,0.0,0.0,0.0,1.0,1.0
0,-0.2546462207944016,0.43255042804180416,-0.4734077245683853,-0.35719024566523044,0.0,0.0,1.0,1.0,0.0,0.0,1.0
1,0.15839209551360486,-0.4742788222764252,-0.4734077245683853,0.4888290608469592,0.0,0.0,1.0,0.0,0.0,1.0,1.0
0,-0.3234859401790693,-0.4742788222764252,-0.4734077245683853,-0.4941137824804383,0.0,0.0,1.0,0.0,0.0,1.0,1.0
0,-0.1169667820250661,-0.4742788222764252,-0.4734077245683853,-0.48916745442582815,0.0,0.0,1.0,0.0,0.0,1.0,1.0
0,-0.3005393670508467,-0.4742788222764252,-0.4734077245683853,-0.48606442844527126,0.0,0.0,1.0,0.0,0.0,1.0,1.0
1,-1.9873419577064886,-0.4742788222764252,2.007805702434152,-0.06447951085340105,0.0,1.0,0.0,0.0,0.0,1.0,1.0
1,0.02071265674426938,-0.4742788222764252,-0.4734077245683853,-0.3970184494312366,0.0,0.0,1.0,0.0,0.0,1.0,0.0
0,-0.5300050983330725,-0.4742788222764252,-0.4734077245683853,-0.4669472126117497,0.0,0.0,1.0,0.0,0.0,1.0,1.0
1,-0.04812706264039835,-0.4742788222764252,-0.4734077245683853,-0.456885520067791,0.0,0.0,1.0,0.0,0.0,1.0,1.0
1,-0.4955852386407386,-0.4742788222764252,-0.4734077245683853,-0.4913468170308496,0.0,0.0,1.0,0.0,1.0,0.0,0.0
0,-0.11696678202506608,-0.4742788222764252,-0.4734077245683853,0.29975375923790454,1.0,0.0,0.0,0.0,0.0,1.0,1.0
1,-0.8742036952564112,-0.4742788222764252,-0.4734077245683853,-0.4367621349798736,0.0,1.0,0.0,0.0,0.0,1.0,0.0
1,0.22723181489827257,2.246208928678263,-0.4734077245683853,-0.3291020247595153,0.0,0.0,1.0,0.0,0.0,1.0,0.0
0,-0.9430434146410789,0.43255042804180416,3.2484124159354204,0.04368368399415517,0.0,0.0,1.0,0.0,0.0,1.0,1.0
0,-0.3005393670508467,-0.4742788222764252,-0.4734077245683853,-0.48606442844527126,0.0,0.0,1.0,0.0,0.0,1.0,1.0
1,-0.46116537894840476,2.246208928678263,2.007805702434152,4.6443925997192785,1.0,0.0,0.0,0.0,0.0,1.0,0.0
0,-0.392325659563737,-0.4742788222764252,-0.4734077245683853,-0.48606442844527126,0.0,0.0,1.0,0.0,0.0,1.0,1.0
0,-0.04812706264039835,-0.4742788222764252,-0.4734077245683853,-0.48606442844527126,0.0,0.0,1.0,0.0,0.0,1.0,1.0
0,-0.6676845371024079,-0.4742788222764252,-0.4734077245683853,-0.49000458724548557,0.0,0.0,1.0,0.0,0.0,1.0,1.0
0,1.122148166898953,0.43255042804180416,-0.4734077245683853,0.5829904043503423,1.0,0.0,0.0,0.0,0.0,1.0,1.0
0,-0.2546462207944016,0.43255042804180416,2.007805702434152,-0.23401903021910545,0.0,0.0,1.0,0.0,0.0,1.0,1.0
0,2.0170645188996335,-0.4742788222764252,-0.4734077245683853,-0.5021631365156053,0.0,0.0,1.0,0.0,0.0,1.0,1.0
0,-0.3005393670508467,-0.4742788222764252,-0.4734077245683853,-0.48606442844527126,0.0,0.0,1.0,0.0,0.0,1.0,1.0
0,2.8431411515156464,-0.4742788222764252,-0.4734077245683853,0.04930213311070177,1.0,0.0,0.0,1.0,0.0,0.0,1.0
1,-0.46116537894840476,-0.4742788222764252,0.7671989889328833,0.6269257910127926,1.0,0.0,0.0,1.0,0.0,0.0,1.0
1,0.2960715342829403,-0.4742788222764252,0.7671989889328833,-0.18521982138090565,0.0,1.0,0.0,0.0,0.0,1.0,0.0
0,0.2960715342829403,0.43255042804180416,-0.4734077245683853,-0.12484966611715334,0.0,1.0,0.0,0.0,0.0,1.0,1.0
0,-0.11696678202506608,-0.4742788222764252,-0.4734077245683853,-0.48916745442582815,0.0,0.0,1.0,0.0,0.0,1.0,0.0
0,-0.1169667820250661,-0.4742788222764252,-0.4734077245683853,-0.48916745442582815,0.0,0.0,1.0,0.0,0.0,1.0,1.0
0,-0.5988448177177402,-0.4742788222764252,0.7671989889328833,0.9072284465794119,1.0,0.0,0.0,0.0,0.0,1.0,1.0
0,0.22723181489827257,-0.4742788222764252,-0.4734077245683853,-0.4739058791751516,0.0,0.0,1.0,0.0,0.0,1.0,1.0
0,0.5025906924369435,1.3393796783600334,-0.4734077245683853,-0.48857985158126094,0.0,0.0,1.0,0.0,0.0,1.0,1.0
0,-0.11696678202506608,-0.4742788222764252,-0.4734077245683853,-0.48916745442582815,0.0,0.0,1.0,0.0,0.0,1.0,1.0
1,-0.5988448177177402,-0.4742788222764252,-0.4734077245683853,-0.4941137824804383,0.0,0.0,1.0,0.0,0.0,1.0,0.0
1,-0.34643251330729186,-0.4742788222764252,-0.4734077245683853,-0.4915983593444486,0.0,0.0,1.0,0.0,0.0,1.0,1.0
0,0.5714304118216113,-0.4742788222764252,-0.4734077245683853,-0.48916745442582815,0.0,0.0,1.0,0.0,0.0,1.0,1.0
1,-0.7824174027435209,0.43255042804180416,-0.4734077245683853,-0.16207792852980063,0.0,0.0,1.0,0.0,1.0,0.0,0.0
0,1.190987886283621,-0.4742788222764252,-0.4734077245683853,0.3983583461687,1.0,0.0,0.0,0.0,0.0,1.0,1.0
0,-1.0463029937180806,0.43255042804180416,-0.4734077245683853,-0.35719024566523044,0.0,0.0,1.0,1.0,0.0,0.0,0.0
0,-0.5300050983330725,-0.4742788222764252,-0.4734077245683853,-0.48606442844527126,0.0,0.0,1.0,0.0,0.0,1.0,1.0
0,-0.6676845371024079,0.43255042804180416,-0.4734077245683853,-0.45034541991421784,0.0,0.0,1.0,0.0,0.0,1.0,0.0
0,-0.8742036952564112,-0.4742788222764252,-0.4734077245683853,-0.35710773978636995,0.0,0.0,1.0,1.0,0.0,0.0,0.0
0,-0.5988448177177402,-0.4742788222764252,-0.4734077245683853,-0.48857985158126094,0.0,0.0,1.0,0.0,0.0,1.0,1.0
0,2.8087212918233124,-0.4742788222764252,-0.4734077245683853,-0.4921014439716465,0.0,0.0,1.0,0.0,1.0,0.0,1.0
0,-0.04812706264039835,0.43255042804180416,-0.4734077245683853,-0.2254665915567405,0.0,1.0,0.0,0.0,0.0,1.0,1.0
0,-0.392325659563737,-0.4742788222764252,0.7671989889328833,4.332898697266388,1.0,0.0,0.0,1.0,0.0,0.0,1.0
0,-1.9067994860264272,3.1530381789964923,2.007805702434152,-0.01869880977838891,0.0,0.0,1.0,0.0,0.0,1.0,0.0
0,-0.5988448177177402,1.3393796783600334,-0.4734077245683853,0.8310111255589248,0.0,1.0,0.0,0.0,0.0,1.0,1.0
0,-0.3005393670508467,-0.4742788222764252,-0.4734077245683853,-0.48606442844527126,0.0,0.0,1.0,0.0,0.0,1.0,1.0
0,0.19281195520593872,0.43255042804180416,-0.4734077245683853,-0.042931390101259084,0.0,1.0,0.0,1.0,0.0,0.0,1.0
1,0.19281195520593872,-0.4742788222764252,-0.4734077245683853,-0.38645367226008,0.0,1.0,0.0,0.0,0.0,1.0,0.0
0,1.672865921976295,-0.4742788222764252,0.7671989889328833,0.9072284465794119,1.0,0.0,0.0,0.0,0.0,1.0,1.0
1,-1.21840229217975,0.43255042804180416,-0.4734077245683853,-0.42183662026016516,0.0,0.0,1.0,1.0,0.0,0.0,1.0
0,1.7302323547968512,-0.4742788222764252,-0.4734077245683853,-0.4921014439716465,0.0,0.0,1.0,0.0,1.0,0.0,1.0
1,-0.392325659563737,-0.4742788222764252,-0.4734077245683853,-0.5043424991206267,0.0,0.0,1.0,0.0,0.0,1.0,1.0
1,-1.8035399069494256,0.43255042804180416,0.7671989889328833,-0.19813299759182226,0.0,0.0,1.0,1.0,0.0,0.0,0.0
0,1.0533084475142853,-0.4742788222764252,-0.4734077245683853,-0.5076970674147825,0.0,0.0,1.0,0.0,0.0,1.0,1.0
0,0.22723181489827257,-0.4742788222764252,-0.4734077245683853,-0.48916745442582815,0.0,0.0,1.0,1.0,0.0,0.0,1.0
0,-0.6676845371024079,-0.4742788222764252,-0.4734077245683853,-0.5061878135331888,0.0,0.0,1.0,0.0,0.0,1.0,1.0
0,1.190987886283621,0.43255042804180416,-0.4734077245683853,-0.3562685946282038,0.0,0.0,1.0,0.0,0.0,1.0,0.0
1,-0.04812706264039835,0.43255042804180416,-0.4734077245683853,-0.12484966611715334,0.0,1.0,0.0,0.0,0.0,1.0,0.0
0,-0.3234859401790693,-0.4742788222764252,-0.4734077245683853,-0.38645367226008,0.0,1.0,0.0,0.0,0.0,1.0,1.0
0,-0.46116537894840476,-0.4742788222764252,-0.4734077245683853,-0.3452852510472185,0.0,1.0,0.0,1.0,0.0,0.0,1.0
1,-0.7365242564870756,-0.4742788222764252,2.007805702434152,-0.11914871112174633,1.0,0.0,0.0,0.0,0.0,1.0,0.0
0,0.5025906924369435,0.43255042804180416,-0.4734077245683853,0.42049406976540915,1.0,0.0,0.0,0.0,0.0,1.0,1.0
0,-0.9430434146410789,-0.4742788222764252,-0.4734077245683853,-0.46258647506319805,0.0,0.0,1.0,0.0,0.0,1.0,1.0
0,-0.392325659563737,-0.4742788222764252,-0.4734077245683853,0.9457144205600542,1.0,0.0,0.0,1.0,0.0,0.0,1.0
0,-0.3234859401790693,-0.4742788222764252,2.007805702434152,-0.34126057402963506,0.0,0.0,1.0,1.0,0.0,0.0,0.0
1,-0.5300050983330725,-0.4742788222764252,-0.4734077245683853,-0.4921014439716465,0.0,0.0,1.0,0.0,0.0,1.0,0.0
1,-0.392325659563737,0.43255042804180416,-0.4734077245683853,-0.3291020247595153,0.0,0.0,1.0,0.0,0.0,1.0,0.0
0,-0.7365242564870756,-0.4742788222764252,-0.4734077245683853,-0.5122248290595639,0.0,0.0,1.0,0.0,1.0,0.0,1.0
0,-0.8053639758717435,-0.4742788222764252,-0.4734077245683853,-0.41663874989195615,0.0,1.0,0.0,0.0,0.0,1.0,1.0
0,-0.7365242564870756,0.43255042804180416,0.7671989889328833,0.09147672357795908,0.0,1.0,0.0,0.0,0.0,1.0,1.0
1,-0.18580650140973382,-0.4742788222764252,-0.4734077245683853,-0.4911797929346199,0.0,0.0,1.0,0.0,0.0,1.0,1.0
0,-1.424921450333753,1.3393796783600334,2.007805702434152,0.04368368399415517,0.0,0.0,1.0,0.0,0.0,1.0,0.0
0,0.46817083274460963,-0.4742788222764252,2.007805702434152,-0.12484966611715334,0.0,1.0,0.0,0.0,0.0,1.0,1.0
0,0.8467892893602822,-0.4742788222764252,-0.4734077245683853,-0.38645367226008,0.0,1.0,0.0,0.0,0.0,1.0,1.0
0,1.4663467638222918,-0.4742788222764252,-0.4734077245683853,-0.3960122801768408,0.0,1.0,0.0,0.0,0.0,1.0,1.0
1,-0.5300050983330725,0.43255042804180416,-0.4734077245683853,0.6921597684522943,1.0,0.0,0.0,0.0,0.0,1.0,0.0
0,1.7761255010532966,-0.4742788222764252,-0.4734077245683853,-0.48606442844527126,0.0,0.0,1.0,0.0,0.0,1.0,1.0
0,0.7435297102832806,-0.4742788222764252,2.007805702434152,-0.3562685946282038,0.0,0.0,1.0,0.0,0.0,1.0,1.0
0,-0.34643251330729186,-0.4742788222764252,-0.4734077245683853,-0.5009054249476104,0.0,0.0,1.0,0.0,0.0,1.0,1.0
0,1.4663467638222918,-0.4742788222764252,0.7671989889328833,0.5870995995852951,1.0,0.0,0.0,1.0,0.0,0.0,1.0
1,-0.9430434146410789,-0.4742788222764252,-0.4734077245683853,-0.49243750450261475,0.0,0.0,1.0,0.0,1.0,0.0,0.0
0,0.02071265674426938,-0.4742788222764252,-0.4734077245683853,-0.48606442844527126,0.0,0.0,1.0,0.0,0.0,1.0,1.0
0,-0.3005393670508467,-0.4742788222764252,-0.4734077245683853,-0.47373885507892183,0.0,0.0,1.0,0.0,0.0,1.0,1.0
0,-1.4478680234619754,6.780355180269409,2.007805702434152,0.7515237544616509,0.0,0.0,1.0,0.0,0.0,1.0,1.0
0,0.9844687281296176,-0.4742788222764252,0.7671989889328833,-0.3240711784875359,0.0,0.0,1.0,0.0,0.0,1.0,1.0
1,0.7091098505909467,-0.4742788222764252,-0.4734077245683853,-0.33111436326830707,0.0,1.0,0.0,0.0,0.0,1.0,0.0
0,-0.2546462207944016,-0.4742788222764252,-0.4734077245683853,-0.4915983593444486,0.0,0.0,1.0,0.0,0.0,1.0,1.0
0,-0.8742036952564112,-0.4742788222764252,-0.4734077245683853,-0.47373885507892183,0.0,0.0,1.0,0.0,0.0,1.0,1.0
0,-1.975639205411095,3.1530381789964923,0.7671989889328833,0.15058916727371655,0.0,0.0,1.0,0.0,0.0,1.0,1.0
1,-1.424921450333753,-0.4742788222764252,2.007805702434152,-0.23502519947350134,0.0,0.0,1.0,0.0,0.0,1.0,1.0
1,-0.09402020889684352,-0.4742788222764252,0.7671989889328833,0.45872850143245225,1.0,0.0,0.0,0.0,0.0,1.0,0.0
0,1.0533084475142853,0.43255042804180416,4.48901912943669,-0.08661523445011025,0.0,0.0,1.0,0.0,0.0,1.0,0.0
0,1.4663467638222916,-0.4742788222764252,-0.4734077245683853,-0.12635891999874713,1.0,0.0,0.0,0.0,0.0,1.0,1.0
0,-0.11696678202506608,-0.4742788222764252,-0.4734077245683853,0.4888290608469592,0.0,0.0,1.0,0.0,0.0,1.0,1.0
0,2.1547439576689693,-0.4742788222764252,-0.4734077245683853,0.02607572204222741,1.0,0.0,0.0,0.0,0.0,1.0,1.0
0,-1.7691200472570916,3.1530381789964923,0.7671989889328833,-0.06196408771741136,0.0,0.0,1.0,0.0,1.0,0.0,1.0
1,-1.975639205411095,0.43255042804180416,0.7671989889328833,-0.4240179952036955,0.0,0.0,1.0,0.0,0.0,1.0,0.0
0,-0.5988448177177402,-0.4742788222764252,-0.4734077245683853,-0.48857985158126094,0.0,0.0,1.0,0.0,0.0,1.0,1.0
0,1.8105453607456305,-0.4742788222764252,-0.4734077245683853,-0.030354274421310688,1.0,0.0,0.0,1.0,0.0,0.0,1.0
0,-0.8053639758717435,0.43255042804180416,0.7671989889328833,-0.49000458724548557,0.0,0.0,1.0,0.0,0.0,1.0,1.0
0,-1.585547462231311,2.246208928678263,0.7671989889328833,-0.13558146738453972,0.0,0.0,1.0,0.0,0.0,1.0,1.0
0,1.397507044437624,-0.4742788222764252,-0.4734077245683853,-0.07026498406617733,1.0,0.0,0.0,1.0,0.0,0.0,0.0
0,0.02071265674426938,-0.4742788222764252,-0.4734077245683853,-0.38645367226008,0.0,1.0,0.0,0.0,0.0,1.0,1.0
0,0.4337509730522758,-0.4742788222764252,-0.4734077245683853,-0.6480576784030067,0.0,0.0,1.0,0.0,0.0,1.0,1.0
0,-1.103669426538637,6.780355180269409,2.007805702434152,0.7515237544616509,0.0,0.0,1.0,0.0,0.0,1.0,0.0
0,-0.0022339163839531994,-0.4742788222764252,-0.4734077245683853,-0.34520073282984926,0.0,1.0,0.0,1.0,0.0,0.0,1.0
0,-1.424921450333753,3.1530381789964923,2.007805702434152,-0.01643492895599818,0.0,0.0,1.0,0.0,0.0,1.0,1.0
1,-1.975639205411095,1.3393796783600334,0.7671989889328833,0.1367543400257733,0.0,1.0,0.0,0.0,0.0,1.0,1.0
1,-1.7691200472570916,-0.4742788222764252,2.007805702434152,-0.20484012184162517,0.0,0.0,1.0,0.0,0.0,1.0,0.0
0,0.9844687281296176,-0.4742788222764252,-0.4734077245683853,0.3581115759928651,1.0,0.0,0.0,0.0,0.0,1.0,1.0
1,-0.7824174027435209,0.43255042804180416,-0.4734077245683853,-0.3361452095402864,0.0,0.0,1.0,0.0,1.0,0.0,0.0
1,1.0533084475142853,-0.4742788222764252,-0.4734077245683853,-0.11378180431879874,1.0,0.0,0.0,0.0,0.0,1.0,1.0
0,0.7091098505909467,0.43255042804180416,0.7671989889328833,-0.3361452095402864,0.0,0.0,1.0,0.0,1.0,0.0,1.0
0,0.4337509730522758,-0.4742788222764252,-0.4734077245683853,-0.48916745442582815,0.0,0.0,1.0,0.0,0.0,1.0,1.0
1,0.15839209551360486,-0.4742788222764252,-0.4734077245683853,-0.38645367226008,0.0,1.0,0.0,0.0,0.0,1.0,0.0
0,-0.7365242564870756,-0.4742788222764252,-0.4734077245683853,-0.38645367226008,0.0,1.0,0.0,0.0,0.0,1.0,1.0
1,-0.7365242564870756,0.43255042804180416,-0.4734077245683853,-0.49000458724548557,0.0,0.0,1.0,0.0,0.0,1.0,0.0
1,-1.8379597666417595,0.43255042804180416,0.7671989889328833,-0.12484966611715334,0.0,1.0,0.0,0.0,0.0,1.0,1.0
1,0.9844687281296176,-0.4742788222764252,-0.4734077245683853,-0.09022134505786501,1.0,0.0,0.0,1.0,0.0,0.0,0.0
1,1.948224799514966,-0.4742788222764252,-0.4734077245683853,2.3004368033867264,1.0,0.0,0.0,1.0,0.0,0.0,0.0
0,1.7302323547968512,-0.4742788222764252,-0.4734077245683853,-0.4921014439716465,0.0,0.0,1.0,0.0,1.0,0.0,1.0
0,0.8467892893602822,-0.4742788222764252,0.7671989889328833,-0.47893672544713095,0.0,0.0,1.0,0.0,0.0,1.0,1.0
1,-0.4955852386407386,-0.4742788222764252,-0.4734077245683853,-0.4921014439716465,0.0,0.0,1.0,0.0,1.0,0.0,0.0
0,-0.392325659563737,-0.4742788222764252,-0.4734077245683853,-0.38645367226008,0.0,1.0,0.0,0.0,0.0,1.0,0.0
0,-0.11696678202506608,-0.4742788222764252,-0.4734077245683853,-0.456885520067791,0.0,0.0,1.0,0.0,0.0,1.0,1.0
0,-1.4478680234619754,6.780355180269409,2.007805702434152,0.7515237544616509,0.0,0.0,1.0,0.0,0.0,1.0,1.0
0,0.2960715342829403,-0.4742788222764252,-0.4734077245683853,-0.5173401935489126,0.0,0.0,1.0,0.0,0.0,1.0,1.0
0,1.0877283072066193,-0.4742788222764252,-0.4734077245683853,-0.5026662211428031,0.0,0.0,1.0,1.0,0.0,0.0,1.0
1,-0.8053639758717435,-0.4742788222764252,-0.4734077245683853,-0.48606442844527126,0.0,0.0,1.0,0.0,0.0,1.0,1.0
0,-1.9067994860264272,-0.4742788222764252,0.7671989889328833,-0.4375167619206705,0.0,0.0,1.0,0.0,0.0,1.0,0.0
0,0.15839209551360486,0.43255042804180416,-0.4734077245683853,-0.3291020247595153,0.0,0.0,1.0,0.0,0.0,1.0,1.0
1,-0.2546462207944016,-0.4742788222764252,-0.4734077245683853,-0.2699895810637578,0.0,0.0,1.0,1.0,0.0,0.0,1.0
1,-0.9430434146410789,-0.4742788222764252,-0.4734077245683853,-0.4921014439716465,0.0,0.0,1.0,0.0,1.0,0.0,0.0
1,0.7091098505909467,-0.4742788222764252,-0.4734077245683853,-0.024232740677566172,1.0,0.0,0.0,1.0,0.0,0.0,1.0
0,-0.392325659563737,-0.4742788222764252,-0.4734077245683853,-0.5061878135331888,0.0,0.0,1.0,0.0,0.0,1.0,1.0
1,0.36491125366760807,-0.4742788222764252,-0.4734077245683853,-0.2254665915567405,0.0,1.0,0.0,0.0,0.0,1.0,0.0
0,-0.5300050983330725,-0.4742788222764252,-0.4734077245683853,-0.5021631365156053,0.0,0.0,1.0,0.0,0.0,1.0,1.0
0,0.02071265674426938,-0.4742788222764252,-0.4734077245683853,-0.38645367226008,0.0,1.0,0.0,0.0,0.0,1.0,1.0
0,1.7302323547968512,0.43255042804180416,-0.4734077245683853,-0.4921014439716465,0.0,0.0,1.0,0.0,1.0,0.0,1.0
1,0.08955237612893711,0.43255042804180416,-0.4734077245683853,1.631418767430841,1.0,0.0,0.0,1.0,0.0,0.0,0.0
1,-0.18580650140973382,-0.4742788222764252,-0.4734077245683853,-0.48857985158126094,0.0,0.0,1.0,0.0,0.0,1.0,0.0
0,0.8467892893602822,0.43255042804180416,-0.4734077245683853,-0.10472628102923591,0.0,1.0,0.0,0.0,0.0,1.0,1.0
1,0.15839209551360486,-0.4742788222764252,-0.4734077245683853,0.887189579708864,1.0,0.0,0.0,1.0,0.0,0.0,0.0
0,0.02071265674426938,-0.4742788222764252,-0.4734077245683853,-0.4367621349798736,0.0,1.0,0.0,0.0,0.0,1.0,1.0
1,-0.9430434146410789,-0.4742788222764252,-0.4734077245683853,-0.48606442844527126,0.0,0.0,1.0,0.0,0.0,1.0,1.0
0,-0.18580650140973382,-0.4742788222764252,-0.4734077245683853,-0.38645367226008,0.0,1.0,0.0,0.0,0.0,1.0,1.0
0,1.4663467638222918,-0.4742788222764252,-0.4734077245683853,-0.48606442844527126,0.0,0.0,1.0,0.0,0.0,1.0,1.0
0,-0.1169667820250661,-0.4742788222764252,-0.4734077245683853,-0.48916745442582815,0.0,0.0,1.0,0.0,0.0,1.0,1.0
1,0.5714304118216113,0.43255042804180416,-0.4734077245683853,1.1630469795095624,1.0,0.0,0.0,0.0,0.0,1.0,1.0
0,-0.5300050983330725,-0.4742788222764252,-0.4734077245683853,-0.4599040278309786,0.0,0.0,1.0,0.0,0.0,1.0,1.0
1,-0.7365242564870756,-0.4742788222764252,-0.4734077245683853,-0.4367621349798736,0.0,1.0,0.0,0.0,0.0,1.0,1.0
0,-0.6332646774100741,-0.4742788222764252,-0.4734077245683853,-0.5021631365156053,0.0,0.0,1.0,0.0,0.0,1.0,1.0
0,-0.8053639758717435,-0.4742788222764252,-0.4734077245683853,-0.38645367226008,0.0,1.0,0.0,0.0,0.0,1.0,1.0
0,-1.7461734741288693,2.246208928678263,0.7671989889328833,-0.13558146738453972,0.0,0.0,1.0,0.0,0.0,1.0,0.0
1,0.36491125366760807,0.43255042804180416,-0.4734077245683853,1.0317418918109011,1.0,0.0,0.0,0.0,0.0,1.0,0.0
0,-0.04812706264039835,-0.4742788222764252,-0.4734077245683853,-0.4915983593444486,0.0,0.0,1.0,0.0,0.0,1.0,1.0
0,2.0170645188996335,-0.4742788222764252,-0.4734077245683853,-0.37639197971612126,0.0,1.0,0.0,0.0,0.0,1.0,1.0
1,-1.700280327872424,3.1530381789964923,2.007805702434152,-0.01643492895599818,0.0,0.0,1.0,0.0,0.0,1.0,0.0
0,-0.392325659563737,-0.4742788222764252,-0.4734077245683853,-0.4367621349798736,0.0,1.0,0.0,0.0,0.0,1.0,1.0
0,-0.6217913908459628,-0.4742788222764252,-0.4734077245683853,-0.49612612098923,0.0,0.0,1.0,0.0,0.0,1.0,0.0
0,0.9844687281296176,0.43255042804180416,-0.4734077245683853,-0.12484966611715334,0.0,1.0,0.0,0.0,0.0,1.0,1.0
1,-1.4937611697184208,-0.4742788222764252,2.007805702434152,-0.11981881984517398,0.0,1.0,0.0,0.0,0.0,1.0,0.0
0,-0.7365242564870756,-0.4742788222764252,-0.4734077245683853,-0.4367621349798736,0.0,1.0,0.0,0.0,0.0,1.0,1.0
0,0.22723181489827257,-0.4742788222764252,-0.4734077245683853,-0.4010431264488202,0.0,1.0,0.0,0.0,0.0,1.0,1.0
0,-1.0463029937180803,0.43255042804180416,-0.4734077245683853,-0.35719024566523044,0.0,0.0,1.0,1.0,0.0,0.0,0.0
1,-0.7824174027435209,0.43255042804180416,-0.4734077245683853,-0.3361452095402864,0.0,0.0,1.0,0.0,1.0,0.0,0.0
0,-0.04812706264039835,-0.4742788222764252,-0.4734077245683853,-0.4367621349798736,0.0,1.0,0.0,0.0,0.0,1.0,1.0
0,-0.5300050983330725,-0.4742788222764252,-0.4734077245683853,-0.5046785596515949,0.0,0.0,1.0,0.0,0.0,1.0,1.0
0,0.02071265674426938,-0.4742788222764252,-0.4734077245683853,-0.5026662211428031,0.0,0.0,1.0,1.0,0.0,0.0,1.0
0,0.9844687281296176,1.3393796783600334,-0.4734077245683853,1.1630469795095624,1.0,0.0,0.0,0.0,1.0,0.0,1.0
0,-0.3234859401790693,-0.4742788222764252,-0.4734077245683853,-0.4915983593444486,0.0,0.0,1.0,0.0,0.0,1.0,0.0
1,-0.392325659563737,-0.4742788222764252,2.007805702434152,-0.3562685946282038,0.0,1.0,0.0,0.0,0.0,1.0,0.0
1,0.5025906924369435,0.43255042804180416,0.7671989889328833,0.4095107261844238,1.0,0.0,0.0,0.0,0.0,1.0,1.0
0,1.672865921976295,0.43255042804180416,-0.4734077245683853,-0.12484966611715334,0.0,1.0,0.0,0.0,0.0,1.0,1.0
0,0.3190181074111628,-0.4742788222764252,-0.4734077245683853,-0.5021631365156053,0.0,0.0,1.0,0.0,0.0,1.0,1.0
0,-0.04812706264039835,0.43255042804180416,0.7671989889328833,-0.4375167619206705,0.0,0.0,1.0,0.0,0.0,1.0,0.0
0,2.223583677053637,-0.4742788222764252,-0.4734077245683853,-0.11378180431879874,1.0,0.0,0.0,0.0,0.0,1.0,1.0
0,0.02071265674426938,0.43255042804180416,-0.4734077245683853,-0.3240711784875359,0.0,0.0,1.0,0.0,0.0,1.0,1.0
0,0.7779495699756145,-0.4742788222764252,2.007805702434152,-0.2413137573134755,0.0,0.0,1.0,0.0,0.0,1.0,0.0
1,-0.04812706264039835,-0.4742788222764252,2.007805702434152,-0.34126057402963506,0.0,0.0,1.0,1.0,0.0,0.0,0.0
1,-0.20875307453795636,-0.4742788222764252,-0.4734077245683853,0.9457144205600542,1.0,0.0,0.0,1.0,0.0,0.0,0.0
1,0.02071265674426938,-0.4742788222764252,-0.4734077245683853,1.0926151317018513,1.0,0.0,0.0,0.0,0.0,1.0,0.0
1,0.36491125366760807,-0.4742788222764252,-0.4734077245683853,9.661740104981662,1.0,0.0,0.0,1.0,0.0,0.0,0.0
1,1.397507044437624,-0.4742788222764252,0.7671989889328833,-0.12484966611715334,0.0,1.0,0.0,0.0,0.0,1.0,0.0
0,1.7302323547968512,-0.4742788222764252,-0.4734077245683853,-0.4921014439716465,0.0,0.0,1.0,0.0,1.0,0.0,1.0
1,-1.8379597666417595,3.1530381789964923,2.007805702434152,-0.01643492895599818,0.0,0.0,1.0,0.0,0.0,1.0,1.0
0,1.5351864832069595,0.43255042804180416,0.7671989889328833,0.9547699438496171,1.0,0.0,0.0,0.0,0.0,1.0,1.0
0,0.7091098505909467,-0.4742788222764252,-0.4734077245683853,-0.6480576784030067,1.0,0.0,0.0,0.0,0.0,1.0,1.0
0,-0.4955852386407386,-0.4742788222764252,-0.4734077245683853,-0.4921014439716465,0.0,0.0,1.0,0.0,1.0,0.0,0.0
0,0.4337509730522758,-0.4742788222764252,-0.4734077245683853,-0.4367621349798736,0.0,1.0,0.0,0.0,0.0,1.0,1.0
0,-0.9430434146410789,3.1530381789964923,0.7671989889328833,0.15058916727371655,0.0,0.0,1.0,0.0,0.0,1.0,1.0
1,-0.3234859401790693,0.43255042804180416,-0.4734077245683853,-0.4915983593444486,0.0,0.0,1.0,0.0,0.0,1.0,1.0
1,1.948224799514966,-0.4742788222764252,0.7671989889328833,2.4401273056515227,1.0,0.0,0.0,0.0,0.0,1.0,0.0
1,0.36491125366760807,-0.4742788222764252,-0.4734077245683853,2.0813434482420248,1.0,0.0,0.0,0.0,0.0,1.0,0.0
0,1.030361874386063,-0.4742788222764252,-0.4734077245683853,-0.024232740677566172,1.0,0.0,0.0,0.0,0.0,1.0,1.0
1,-0.3234859401790693,-0.4742788222764252,-0.4734077245683853,-0.6480576784030067,0.0,0.0,1.0,0.0,0.0,1.0,1.0
1,0.7779495699756145,-0.4742788222764252,0.7671989889328833,-0.25565166918861665,0.0,1.0,0.0,0.0,0.0,1.0,0.0
0,0.5025906924369435,-0.4742788222764252,0.7671989889328833,-0.05039314129185885,1.0,0.0,0.0,1.0,0.0,0.0,1.0
1,-0.4955852386407386,-0.4742788222764252,-0.4734077245683853,-0.4921014439716465,0.0,0.0,1.0,0.0,1.0,0.0,0.0
1,2.2924233964383047,0.43255042804180416,-0.4734077245683853,0.920727213296387,1.0,0.0,0.0,0.0,0.0,1.0,0.0
0,1.0533084475142853,-0.4742788222764252,-0.4734077245683853,-0.4921014439716465,0.0,0.0,1.0,0.0,0.0,1.0,0.0
0,-0.3693790864355144,-0.4742788222764252,-0.4734077245683853,-0.6480576784030067,0.0,1.0,0.0,0.0,0.0,1.0,1.0
0,-1.5626008891030885,3.1530381789964923,0.7671989889328833,-0.06196408771741136,0.0,0.0,1.0,0.0,1.0,0.0,1.0
1,0.36491125366760807,0.43255042804180416,0.7671989889328833,-0.2405591303726786,0.0,0.0,1.0,0.0,0.0,1.0,0.0
0,2.43010283520764,-0.4742788222764252,-0.4734077245683853,-0.4921014439716465,0.0,0.0,1.0,0.0,1.0,0.0,1.0
0,-0.11696678202506608,-0.4742788222764252,-0.4734077245683853,-0.49000458724548557,0.0,0.0,1.0,0.0,0.0,1.0,1.0
0,-0.9430434146410789,-0.4742788222764252,-0.4734077245683853,-0.456885520067791,0.0,0.0,1.0,0.0,0.0,1.0,1.0
1,-0.7365242564870756,-0.4742788222764252,-0.4734077245683853,-0.48606442844527126,0.0,0.0,1.0,0.0,0.0,1.0,1.0
0,1.1909878862836207,-0.4742788222764252,-0.4734077245683853,-0.12484966611715334,1.0,0.0,0.0,0.0,0.0,1.0,1.0
0,0.22723181489827257,-0.4742788222764252,-0.4734077245683853,-0.47373885507892183,0.0,0.0,1.0,1.0,0.0,0.0,1.0
1,0.02071265674426938,-0.4742788222764252,-0.4734077245683853,-0.456885520067791,0.0,0.0,1.0,0.0,0.0,1.0,1.0
0,-0.5300050983330725,-0.4742788222764252,-0.4734077245683853,-0.48916745442582815,0.0,0.0,1.0,0.0,0.0,1.0,1.0
1,0.8467892893602822,-0.4742788222764252,-0.4734077245683853,-0.38645367226008,0.0,1.0,0.0,0.0,0.0,1.0,1.0
1,-0.5300050983330725,-0.4742788222764252,-0.4734077245683853,-0.4921014439716465,0.0,0.0,1.0,0.0,1.0,0.0,0.0
1,-0.2546462207944016,-0.4742788222764252,-0.4734077245683853,0.9386712357792829,1.0,0.0,0.0,0.0,0.0,1.0,0.0
1,-0.7365242564870756,0.43255042804180416,-0.4734077245683853,1.184764136696443,1.0,0.0,0.0,1.0,0.0,0.0,0.0
0,0.4337509730522758,-0.4742788222764252,-0.4734077245683853,-0.38896909539606966,0.0,1.0,0.0,1.0,0.0,0.0,1.0
0,-0.392325659563737,-0.4742788222764252,-0.4734077245683853,-0.46996572037493733,0.0,0.0,1.0,0.0,0.0,1.0,0.0
0,-0.392325659563737,-0.4742788222764252,-0.4734077245683853,-0.48916745442582815,0.0,0.0,1.0,0.0,0.0,1.0,1.0
0,0.364911253667608,-0.4742788222764252,-0.4734077245683853,-0.09022134505786501,1.0,0.0,0.0,1.0,0.0,0.0,1.0
0,-0.4267455192560709,-0.4742788222764252,-0.4734077245683853,-0.5025817029254339,0.0,0.0,1.0,1.0,0.0,0.0,1.0
0,-1.9067994860264272,0.43255042804180416,2.007805702434152,2.4016413316708807,1.0,0.0,0.0,0.0,0.0,1.0,0.0
1,1.030361874386063,-0.4742788222764252,-0.4734077245683853,-0.03429443322152489,1.0,0.0,0.0,0.0,0.0,1.0,1.0
1,1.397507044437624,-0.4742788222764252,0.7671989889328833,4.332898697266388,1.0,0.0,0.0,1.0,0.0,0.0,0.0
1,-0.4955852386407386,-0.4742788222764252,-0.4734077245683853,-0.4921014439716465,0.0,0.0,1.0,0.0,1.0,0.0,0.0
1,-0.1858065014097338,1.3393796783600334,-0.4734077245683853,-0.18018897510892629,0.0,0.0,1.0,0.0,1.0,0.0,1.0
0,-0.7365242564870756,-0.4742788222764252,-0.4734077245683853,-0.6480576784030067,0.0,0.0,1.0,0.0,0.0,1.0,1.0
1,0.5943769849498338,-0.4742788222764252,-0.4734077245683853,-0.3995338725672263,0.0,1.0,0.0,0.0,1.0,0.0,0.0
0,-0.3005393670508467,-0.4742788222764252,-0.4734077245683853,-0.48606442844527126,0.0,0.0,1.0,0.0,0.0,1.0,1.0
1,-1.9811463829618683,0.43255042804180416,2.007805702434152,2.4016413316708807,1.0,0.0,0.0,0.0,0.0,1.0,1.0
1,0.4108043999240532,-0.4742788222764252,-0.4734077245683853,1.5832896673160688,1.0,0.0,0.0,1.0,0.0,0.0,0.0
1,-0.8742036952564112,0.43255042804180416,-0.4734077245683853,1.543378957671202,1.0,0.0,0.0,1.0,0.0,0.0,0.0
0,0.02071265674426938,0.43255042804180416,-0.4734077245683853,-0.1650964362929882,0.0,1.0,0.0,1.0,0.0,0.0,1.0
1,0.02071265674426938,-0.4742788222764252,-0.4734077245683853,0.4975505359440626,1.0,0.0,0.0,1.0,0.0,0.0,0.0
1,-0.392325659563737,-0.4742788222764252,-0.4734077245683853,1.0253688157535576,1.0,0.0,0.0,1.0,0.0,0.0,0.0
1,-0.8053639758717435,1.3393796783600334,2.007805702434152,4.631815484039331,1.0,0.0,0.0,1.0,0.0,0.0,0.0
0,-0.2546462207944016,0.43255042804180416,0.7671989889328833,-0.12484966611715334,0.0,1.0,0.0,0.0,0.0,1.0,0.0
0,-0.11696678202506608,-0.4742788222764252,-0.4734077245683853,-0.48916745442582815,0.0,0.0,1.0,0.0,0.0,1.0,1.0
0,0.9156290087449499,0.43255042804180416,0.7671989889328833,-0.11981881984517398,0.0,1.0,0.0,0.0,0.0,1.0,1.0
1,-0.2546462207944016,-0.4742788222764252,-0.4734077245683853,-0.49000458724548557,0.0,0.0,1.0,0.0,0.0,1.0,0.0
1,-0.392325659563737,0.43255042804180416,-0.4734077245683853,-0.12484966611715334,0.0,1.0,0.0,0.0,0.0,1.0,0.0
0,1.672865921976295,-0.4742788222764252,-0.4734077245683853,-0.36633028717216254,0.0,1.0,0.0,0.0,0.0,1.0,1.0
1,0.08955237612893711,-0.4742788222764252,2.007805702434152,2.6696184138711505,1.0,0.0,0.0,0.0,0.0,1.0,0.0
1,0.7091098505909467,0.43255042804180416,0.7671989889328833,2.0585376159218884,1.0,0.0,0.0,1.0,0.0,0.0,0.0
0,-0.5300050983330725,-0.4742788222764252,-0.4734077245683853,-0.5021631365156053,0.0,0.0,1.0,0.0,0.0,1.0,1.0
0,-0.18580650140973382,-0.4742788222764252,-0.4734077245683853,-0.48916745442582815,0.0,0.0,1.0,0.0,0.0,1.0,1.0
1,0.02071265674426938,-0.4742788222764252,-0.4734077245683853,-0.3995338725672263,0.0,1.0,0.0,0.0,1.0,0.0,0.0
1,-0.5300050983330725,0.43255042804180416,0.7671989889328833,-0.06447951085340105,0.0,1.0,0.0,0.0,0.0,1.0,0.0
0,-1.4478680234619754,6.780355180269409,2.007805702434152,0.7515237544616509,0.0,0.0,1.0,0.0,0.0,1.0,1.0
1,0.4337509730522758,-0.4742788222764252,-0.4734077245683853,2.0813434482420248,1.0,0.0,0.0,1.0,0.0,0.0,0.0
0,2.1547439576689693,-0.4742788222764252,-0.4734077245683853,-0.5225380639171217,0.0,0.0,1.0,0.0,0.0,1.0,1.0
1,0.4337509730522758,-0.4742788222764252,-0.4734077245683853,-0.38645367226008,0.0,1.0,0.0,0.0,0.0,1.0,0.0
1,0.08955237612893711,0.43255042804180416,0.7671989889328833,-0.23502519947350134,0.0,0.0,1.0,0.0,0.0,1.0,0.0
1,-0.9430434146410789,-0.4742788222764252,0.7671989889328833,0.5186800902863759,1.0,0.0,0.0,1.0,0.0,0.0,0.0
1,-0.18580650140973384,1.3393796783600334,-0.4734077245683853,-0.18018897510892629,0.0,0.0,1.0,0.0,1.0,0.0,0.0
0,1.0877283072066193,-0.4742788222764252,-0.4734077245683853,-0.07454120339735976,1.0,0.0,0.0,0.0,0.0,1.0,1.0
0,0.5714304118216113,-0.4742788222764252,0.7671989889328833,2.4401273056515227,1.0,0.0,0.0,0.0,0.0,1.0,1.0
0,-0.9430434146410789,1.3393796783600334,-0.4734077245683853,-0.2858367468204928,0.0,0.0,1.0,0.0,0.0,1.0,1.0
1,0.06660580300071454,0.43255042804180416,-0.4734077245683853,2.0414327385971585,1.0,0.0,0.0,0.0,0.0,1.0,0.0
0,-0.1169667820250661,-0.4742788222764252,-0.4734077245683853,-0.48916745442582815,0.0,0.0,1.0,0.0,0.0,1.0,1.0
0,-0.04812706264039835,0.43255042804180416,-0.4734077245683853,0.6921597684522943,1.0,0.0,0.0,0.0,0.0,1.0,1.0
1,0.7779495699756145,-0.4742788222764252,-0.4734077245683853,2.0585376159218884,1.0,0.0,0.0,1.0,0.0,0.0,0.0
1,1.0533084475142853,-0.4742788222764252,-0.4734077245683853,-0.48606442844527126,0.0,0.0,1.0,0.0,0.0,1.0,1.0
0,1.0533084475142853,-0.4742788222764252,-0.4734077245683853,0.06632249221806229,1.0,0.0,0.0,0.0,0.0,1.0,1.0
1,-1.9067994860264272,0.43255042804180416,0.7671989889328833,-0.12484966611715334,0.0,1.0,0.0,0.0,0.0,1.0,1.0
1,-0.392325659563737,2.246208928678263,2.007805702434152,4.6443925997192785,1.0,0.0,0.0,0.0,0.0,1.0,0.0
0,-0.11696678202506608,-0.4742788222764252,-0.4734077245683853,-0.38645367226008,0.0,1.0,0.0,0.0,0.0,1.0,1.0
0,-0.3234859401790693,-0.4742788222764252,-0.4734077245683853,-0.38645367226008,0.0,1.0,0.0,0.0,0.0,1.0,1.0
0,0.4337509730522758,-0.4742788222764252,-0.4734077245683853,-0.38645367226008,0.0,1.0,0.0,0.0,0.0,1.0,1.0
1,-0.392325659563737,-0.4742788222764252,-0.4734077245683853,-0.38645367226008,0.0,1.0,0.0,0.0,0.0,1.0,0.0
1,0.7091098505909467,-0.4742788222764252,-0.4734077245683853,-0.38645367226008,0.0,1.0,0.0,0.0,0.0,1.0,0.0
1,-0.07107363576862093,0.43255042804180416,-0.4734077245683853,-0.3240711784875359,0.0,0.0,1.0,0.0,0.0,1.0,0.0
1,-1.8379597666417595,0.43255042804180416,0.7671989889328833,-0.32809585550511944,0.0,0.0,1.0,0.0,0.0,1.0,1.0
0,0.8467892893602822,-0.4742788222764252,-0.4734077245683853,-0.47373885507892183,0.0,0.0,1.0,0.0,0.0,1.0,1.0
0,-0.46116537894840476,-0.4742788222764252,-0.4734077245683853,-0.4624194509669683,0.0,0.0,1.0,0.0,0.0,1.0,1.0
0,0.7091098505909468,-0.4742788222764252,-0.4734077245683853,0.056260799674103565,1.0,0.0,0.0,0.0,0.0,1.0,1.0
0,-1.0118831340257466,0.43255042804180416,0.7671989889328833,-0.5025817029254339,0.0,0.0,1.0,1.0,0.0,0.0,1.0
0,-0.3234859401790693,0.43255042804180416,-0.4734077245683853,-0.2898614238380763,0.0,0.0,1.0,0.0,0.0,1.0,1.0
0,0.4222776864881645,-0.4742788222764252,-0.4734077245683853,-0.5026662211428031,0.0,0.0,1.0,1.0,0.0,0.0,1.0
0,-0.11696678202506608,-0.4742788222764252,-0.4734077245683853,-0.456885520067791,0.0,0.0,1.0,0.0,0.0,1.0,1.0
1,-0.5300050983330725,-0.4742788222764252,0.7671989889328833,0.45872850143245225,1.0,0.0,0.0,0.0,0.0,1.0,0.0
0,0.5714304118216113,-0.4742788222764252,-0.4734077245683853,-0.38645367226008,0.0,1.0,0.0,0.0,0.0,1.0,0.0
1,-0.4267455192560709,-0.4742788222764252,-0.4734077245683853,-0.48950150261828757,0.0,0.0,1.0,0.0,1.0,0.0,0.0
1,-0.4267455192560709,-0.4742788222764252,-0.4734077245683853,-0.48950150261828757,0.0,0.0,1.0,0.0,1.0,0.0,0.0
0,0.7091098505909467,0.43255042804180416,4.48901912943669,-0.08661523445011025,0.0,0.0,1.0,0.0,0.0,1.0,1.0
0,-0.04812706264039835,0.43255042804180416,-0.4734077245683853,-0.09022134505786501,0.0,1.0,0.0,1.0,0.0,0.0,1.0
0,1.0533084475142853,-0.4742788222764252,0.7671989889328833,-0.35719024566523044,0.0,0.0,1.0,1.0,0.0,0.0,0.0
0,0.36491125366760807,-0.4742788222764252,-0.4734077245683853,-0.5061878135331888,0.0,0.0,1.0,0.0,0.0,1.0,1.0
0,1.7302323547968512,0.43255042804180416,-0.4734077245683853,-0.3361452095402864,0.0,0.0,1.0,0.0,1.0,0.0,1.0
0,0.02071265674426938,-0.4742788222764252,-0.4734077245683853,-0.5021631365156053,0.0,0.0,1.0,0.0,0.0,1.0,1.0
1,2.0859042382843014,0.43255042804180416,-0.4734077245683853,0.8662270494627803,1.0,0.0,0.0,1.0,0.0,0.0,0.0
1,-1.0118831340257466,-0.4742788222764252,-0.4734077245683853,-0.5025817029254339,0.0,0.0,1.0,1.0,0.0,0.0,0.0
1,-0.4955852386407386,-0.4742788222764252,-0.4734077245683853,-0.4921014439716465,0.0,0.0,1.0,0.0,1.0,0.0,0.0
1,-0.392325659563737,-0.4742788222764252,-0.4734077245683853,0.7464929081896715,1.0,0.0,0.0,1.0,0.0,0.0,0.0
1,-0.3234859401790693,0.43255042804180416,-0.4734077245683853,0.4676170006257853,1.0,0.0,0.0,1.0,0.0,0.0,1.0
0,-0.8053639758717435,0.43255042804180416,-0.4734077245683853,-0.5173401935489126,0.0,0.0,1.0,0.0,0.0,1.0,1.0
0,-0.7365242564870756,-0.4742788222764252,-0.4734077245683853,-0.48606442844527126,0.0,0.0,1.0,0.0,0.0,1.0,1.0
0,-0.5300050983330725,-0.4742788222764252,-0.4734077245683853,2.0813434482420248,1.0,0.0,0.0,1.0,0.0,0.0,1.0
0,-1.8379597666417595,2.246208928678263,0.7671989889328833,-0.22395733767514672,0.0,0.0,1.0,0.0,0.0,1.0,0.0
1,1.512239910078737,0.43255042804180416,-0.4734077245683853,1.0054969729792393,1.0,0.0,0.0,1.0,0.0,0.0,0.0
1,-0.5300050983330725,-0.4742788222764252,-0.4734077245683853,-0.5021631365156053,0.0,0.0,1.0,0.0,0.0,1.0,0.0
0,-0.18580650140973382,-0.4742788222764252,2.007805702434152,3.608038267691531,1.0,0.0,0.0,1.0,0.0,0.0,1.0
0,-0.6676845371024079,-0.4742788222764252,-0.4734077245683853,-0.567312595737738,0.0,0.0,1.0,1.0,0.0,0.0,1.0
0,-0.7365242564870756,-0.4742788222764252,-0.4734077245683853,-0.4915983593444486,0.0,0.0,1.0,0.0,0.0,1.0,1.0
1,0.8467892893602822,-0.4742788222764252,-0.4734077245683853,3.9305155137254073,1.0,0.0,0.0,1.0,0.0,0.0,0.0
1,-1.975639205411095,-0.4742788222764252,2.007805702434152,-0.3312813873645367,0.0,0.0,1.0,1.0,0.0,0.0,0.0
0,0.15839209551360486,-0.4742788222764252,-0.4734077245683853,-0.48857985158126094,0.0,0.0,1.0,0.0,0.0,1.0,1.0
1,0.36491125366760807,0.43255042804180416,-0.4734077245683853,0.3983583461687,1.0,0.0,0.0,0.0,0.0,1.0,0.0
0,-0.1169667820250661,-0.4742788222764252,-0.4734077245683853,-0.48916745442582815,0.0,0.0,1.0,0.0,0.0,1.0,1.0
0,-0.8053639758717435,-0.4742788222764252,-0.4734077245683853,0.8310111255589248,0.0,1.0,0.0,0.0,0.0,1.0,1.0
0,-1.975639205411095,4.059867429314721,2.007805702434152,0.295729082220321,0.0,0.0,1.0,0.0,0.0,1.0,1.0
1,0.4337509730522758,-0.4742788222764252,-0.4734077245683853,-0.38645367226008,0.0,1.0,0.0,0.0,0.0,1.0,0.0
0,0.6287968446421677,-0.4742788222764252,-0.4734077245683853,-0.49252001038147525,0.0,0.0,1.0,0.0,1.0,0.0,1.0
1,-0.8742036952564112,-0.4742788222764252,-0.4734077245683853,-0.40657705734799743,0.0,1.0,0.0,1.0,0.0,0.0,0.0
1,0.4337509730522758,0.43255042804180416,2.007805702434152,1.7667485321470855,1.0,0.0,0.0,0.0,0.0,1.0,1.0
1,-0.5988448177177402,-0.4742788222764252,-0.4734077245683853,-0.4911797929346199,0.0,0.0,1.0,0.0,0.0,1.0,1.0
0,-0.11696678202506608,1.3393796783600334,-0.4734077245683853,-0.48857985158126094,0.0,0.0,1.0,0.0,0.0,1.0,1.0
1,-0.46116537894840476,0.43255042804180416,-0.4734077245683853,1.631418767430841,1.0,0.0,0.0,1.0,0.0,0.0,0.0
1,-0.392325659563737,-0.4742788222764252,2.007805702434152,-0.3119971474347855,0.0,0.0,1.0,0.0,0.0,1.0,0.0
0,-0.5300050983330725,-0.4742788222764252,-0.4734077245683853,-0.4911797929346199,0.0,0.0,1.0,0.0,0.0,1.0,1.0
0,0.08955237612893711,-0.4742788222764252,-0.4734077245683853,-0.49000458724548557,0.0,0.0,1.0,0.0,0.0,1.0,0.0
0,1.122148166898953,-0.4742788222764252,-0.4734077245683853,-0.12484966611715334,0.0,1.0,0.0,0.0,0.0,1.0,1.0
0,-0.46116537894840476,-0.4742788222764252,-0.4734077245683853,-0.4367621349798736,0.0,1.0,0.0,0.0,0.0,1.0,1.0
1,-0.11696678202506608,-0.4742788222764252,-0.4734077245683853,-0.39349685704085113,0.0,1.0,0.0,0.0,0.0,1.0,0.0
1,0.640270131206279,-0.4742788222764252,-0.4734077245683853,-0.48857985158126094,0.0,0.0,1.0,0.0,0.0,1.0,1.0
0,-0.2546462207944016,-0.4742788222764252,-0.4734077245683853,-0.48606442844527126,0.0,0.0,1.0,0.0,0.0,1.0,1.0
0,-0.5988448177177402,0.43255042804180416,-0.4734077245683853,-0.45034541991421784,0.0,0.0,1.0,0.0,0.0,1.0,0.0
0,-0.11696678202506608,0.43255042804180416,-0.4734077245683853,-0.3291020247595153,0.0,0.0,1.0,0.0,0.0,1.0,1.0
0,-0.6676845371024079,-0.4742788222764252,-0.4734077245683853,-0.47373885507892183,0.0,0.0,1.0,0.0,0.0,1.0,0.0
0,0.2960715342829403,0.43255042804180416,-0.4734077245683853,-0.2254665915567405,0.0,1.0,0.0,0.0,0.0,1.0,1.0
0,1.4663467638222918,-0.4742788222764252,-0.4734077245683853,-0.4921014439716465,0.0,0.0,1.0,0.0,0.0,1.0,1.0
1,-1.8379597666417595,0.43255042804180416,0.7671989889328833,-0.27074420800455473,0.0,1.0,0.0,0.0,0.0,1.0,1.0
0,-0.5988448177177402,-0.4742788222764252,-0.4734077245683853,-0.4915983593444486,0.0,0.0,1.0,0.0,0.0,1.0,1.0
0,-1.7461734741288693,2.246208928678263,0.7671989889328833,-0.13558146738453972,0.0,0.0,1.0,0.0,0.0,1.0,0.0
0,-0.1169667820250661,-0.4742788222764252,-0.4734077245683853,-0.48916745442582815,0.0,0.0,1.0,0.0,0.0,1.0,1.0
0,-0.5529516714612951,-0.4742788222764252,-0.4734077245683853,-0.5100454664545425,0.0,0.0,1.0,0.0,1.0,0.0,1.0
1,0.22723181489827257,0.43255042804180416,-0.4734077245683853,1.1630469795095624,1.0,0.0,0.0,0.0,1.0,0.0,0.0
0,-0.3693790864355144,-0.4742788222764252,-0.4734077245683853,-0.6480576784030067,0.0,1.0,0.0,0.0,0.0,1.0,1.0
1,0.9844687281296176,-0.4742788222764252,-0.4734077245683853,-0.48857985158126094,0.0,0.0,1.0,0.0,0.0,1.0,1.0
0,-0.3005393670508467,-0.4742788222764252,-0.4734077245683853,-0.48606442844527126,0.0,0.0,1.0,0.0,0.0,1.0,0.0
1,0.2960715342829403,0.43255042804180416,0.7671989889328833,0.005952336954309978,0.0,1.0,0.0,0.0,0.0,1.0,0.0
1,-0.8053639758717435,-0.4742788222764252,2.007805702434152,-0.38645367226008,0.0,1.0,0.0,0.0,0.0,1.0,0.0
0,0.02071265674426938,-0.4742788222764252,-0.4734077245683853,-0.38645367226008,0.0,1.0,0.0,0.0,0.0,1.0,1.0
0,-1.3560817309490854,-0.4742788222764252,2.007805702434152,-0.16207792852980063,0.0,0.0,1.0,0.0,0.0,1.0,0.0
0,0.18133866864182743,-0.4742788222764252,-0.4734077245683853,-0.48916745442582815,0.0,0.0,1.0,1.0,0.0,0.0,1.0
0,-0.5988448177177402,-0.4742788222764252,-0.4734077245683853,-0.49243750450261475,0.0,0.0,1.0,0.0,1.0,0.0,1.0
0,-0.04812706264039835,-0.4742788222764252,-0.4734077245683853,-0.48958602083565683,0.0,0.0,1.0,0.0,0.0,1.0,1.0
0,-0.11696678202506608,0.43255042804180416,0.7671989889328833,-0.3582809331369956,0.0,0.0,1.0,0.0,0.0,1.0,0.0
0,-0.8053639758717435,0.43255042804180416,0.7671989889328833,-0.2413137573134755,0.0,0.0,1.0,0.0,0.0,1.0,1.0
0,0.3190181074111628,-0.4742788222764252,-0.4734077245683853,-0.5021631365156053,0.0,0.0,1.0,0.0,0.0,1.0,1.0
1,-0.11696678202506608,0.43255042804180416,-0.4734077245683853,-0.12484966611715334,0.0,1.0,0.0,0.0,0.0,1.0,0.0
1,-0.7365242564870756,-0.4742788222764252,-0.4734077245683853,-0.12484966611715334,0.0,1.0,0.0,0.0,0.0,1.0,0.0
0,1.7302323547968512,-0.4742788222764252,-0.4734077245683853,-0.4921014439716465,0.0,0.0,1.0,0.0,1.0,0.0,1.0
1,0.15839209551360486,-0.4742788222764252,-0.4734077245683853,-0.48606442844527126,0.0,0.0,1.0,0.0,0.0,1.0,1.0
1,-0.11696678202506608,-0.4742788222764252,-0.4734077245683853,-0.11378180431879874,1.0,0.0,0.0,0.0,0.0,1.0,1.0
1,-0.07107363576862093,0.43255042804180416,-0.4734077245683853,-0.3240711784875359,0.0,0.0,1.0,0.0,0.0,1.0,0.0
1,0.8467892893602822,0.43255042804180416,-0.4734077245683853,-0.12484966611715334,0.0,1.0,0.0,0.0,0.0,1.0,0.0
0,-0.8742036952564112,-0.4742788222764252,-0.4734077245683853,-0.5046785596515949,0.0,0.0,1.0,0.0,0.0,1.0,1.0
0,1.397507044437624,0.43255042804180416,-0.4734077245683853,0.4768395480115779,1.0,0.0,0.0,0.0,0.0,1.0,1.0
1,-1.0807228534104143,0.43255042804180416,2.007805702434152,1.7667485321470855,1.0,0.0,0.0,0.0,0.0,1.0,0.0
0,-0.5988448177177402,1.3393796783600334,2.007805702434152,0.04368368399415517,0.0,0.0,1.0,0.0,0.0,1.0,0.0
1,-0.392325659563737,1.3393796783600334,3.2484124159354204,-0.27074420800455473,0.0,1.0,0.0,0.0,0.0,1.0,0.0
0,2.361263115822972,0.43255042804180416,4.48901912943669,4.6443925997192785,1.0,0.0,0.0,0.0,0.0,1.0,1.0
0,0.08955237612893711,-0.4742788222764252,-0.4734077245683853,-0.4367621349798736,0.0,1.0,0.0,0.0,0.0,1.0,1.0
1,1.0533084475142853,0.43255042804180416,0.7671989889328833,-0.11981881984517398,0.0,1.0,0.0,0.0,0.0,1.0,0.0
0,-0.6676845371024079,-0.4742788222764252,-0.4734077245683853,-0.456885520067791,0.0,0.0,1.0,0.0,0.0,1.0,1.0
0,-0.3234859401790693,0.43255042804180416,-0.4734077245683853,-0.4915983593444486,0.0,0.0,1.0,0.0,0.0,1.0,1.0
1,-0.11696678202506608,-0.4742788222764252,-0.4734077245683853,-0.38645367226008,0.0,1.0,0.0,0.0,0.0,1.0,0.0
1,-0.09402020889684348,-0.4742788222764252,-0.4734077245683853,-0.48480671687727644,0.0,0.0,1.0,0.0,0.0,1.0,1.0
1,-1.7691200472570916,-0.4742788222764252,2.007805702434152,0.9992084151392651,1.0,0.0,0.0,0.0,0.0,1.0,1.0
1,-1.149562572795082,-0.4742788222764252,0.7671989889328833,-0.25565166918861665,0.0,1.0,0.0,0.0,0.0,1.0,0.0
1,0.2960715342829403,-0.4742788222764252,-0.4734077245683853,-0.11378180431879874,1.0,0.0,0.0,0.0,0.0,1.0,1.0
1,-1.700280327872424,1.3393796783600334,0.7671989889328833,-0.26051549136436636,0.0,0.0,1.0,1.0,0.0,0.0,0.0
1,1.5351864832069595,-0.4742788222764252,-0.4734077245683853,-0.03429443322152489,1.0,0.0,0.0,0.0,0.0,1.0,1.0
0,0.4337509730522758,0.43255042804180416,2.007805702434152,-0.08963374221329784,0.0,1.0,0.0,0.0,0.0,1.0,1.0
0,-0.23169964766617898,0.43255042804180416,-0.4734077245683853,-0.2462600853680856,0.0,0.0,1.0,0.0,0.0,1.0,1.0
0,0.02071265674426938,-0.4742788222764252,-0.4734077245683853,-0.08963374221329784,1.0,0.0,0.0,1.0,0.0,0.0,1.0
1,1.3286673250529564,0.43255042804180416,-0.4734077245683853,1.1450204511478062,1.0,0.0,0.0,1.0,0.0,0.0,1.0
0,0.49111740587283226,-0.4742788222764252,-0.4734077245683853,-0.48606442844527126,0.0,0.0,1.0,0.0,0.0,1.0,1.0
1,-0.04812706264039835,-0.4742788222764252,-0.4734077245683853,-0.48916745442582815,0.0,0.0,1.0,1.0,0.0,0.0,1.0
0,2.43010283520764,-0.4742788222764252,-0.4734077245683853,-0.11378180431879874,1.0,0.0,0.0,0.0,0.0,1.0,1.0
1,0.31901810741116293,0.43255042804180416,-0.4734077245683853,0.39559138071911126,1.0,0.0,0.0,0.0,0.0,1.0,0.0
1,1.397507044437624,-0.4742788222764252,-0.4734077245683853,-0.4367621349798736,0.0,1.0,0.0,0.0,0.0,1.0,0.0
0,1.7302323547968512,-0.4742788222764252,-0.4734077245683853,-0.4921014439716465,0.0,0.0,1.0,0.0,1.0,0.0,1.0
1,1.2598276056682887,-0.4742788222764252,-0.4734077245683853,-0.11378180431879874,1.0,0.0,0.0,0.0,0.0,1.0,1.0
0,0.2960715342829403,-0.4742788222764252,-0.4734077245683853,-0.48606442844527126,0.0,0.0,1.0,0.0,0.0,1.0,1.0
0,1.190987886283621,-0.4742788222764252,-0.4734077245683853,0.12669264748181458,1.0,0.0,0.0,0.0,0.0,1.0,1.0
0,1.2598276056682887,-0.4742788222764252,-0.4734077245683853,-0.38645367226008,0.0,1.0,0.0,0.0,0.0,1.0,1.0
0,-0.3005393670508467,-0.4742788222764252,-0.4734077245683853,-0.48606442844527126,0.0,0.0,1.0,0.0,0.0,1.0,1.0
0,0.5714304118216113,-0.4742788222764252,-0.4734077245683853,-0.5061878135331888,0.0,0.0,1.0,0.0,0.0,1.0,1.0
0,-0.3693790864355144,-0.4742788222764252,-0.4734077245683853,-0.6480576784030067,0.0,1.0,0.0,0.0,0.0,1.0,1.0
0,1.8105453607456305,-0.4742788222764252,-0.4734077245683853,-0.11378180431879874,1.0,0.0,0.0,0.0,0.0,1.0,1.0
0,0.6287968446421677,-0.4742788222764252,-0.4734077245683853,-0.4926045285988444,0.0,0.0,1.0,0.0,1.0,0.0,1.0
1,-1.992849135257262,1.3393796783600334,0.7671989889328833,-0.26051549136436636,0.0,0.0,1.0,1.0,0.0,0.0,0.0
0,0.3190181074111628,-0.4742788222764252,-0.4734077245683853,-0.5021631365156053,0.0,0.0,1.0,0.0,0.0,1.0,1.0
0,0.5714304118216113,-0.4742788222764252,-0.4734077245683853,-0.47373885507892183,0.0,0.0,1.0,0.0,0.0,1.0,1.0
1,0.22723181489827257,0.43255042804180416,2.007805702434152,-0.08963374221329784,0.0,1.0,0.0,0.0,0.0,1.0,0.0
1,-0.46116537894840476,-0.4742788222764252,-0.4734077245683853,-0.37052198828597577,0.0,1.0,0.0,1.0,0.0,0.0,0.0
0,-0.5300050983330725,-0.4742788222764252,-0.4734077245683853,-0.4500938776006189,0.0,0.0,1.0,0.0,0.0,1.0,0.0
0,0.9844687281296176,-0.4742788222764252,-0.4734077245683853,0.3983583461687,1.0,0.0,0.0,0.0,0.0,1.0,1.0
0,0.2960715342829403,0.43255042804180416,-0.4734077245683853,-0.2254665915567405,0.0,1.0,0.0,0.0,0.0,1.0,1.0
0,-0.04812706264039835,0.43255042804180416,-0.4734077245683853,-0.506272331750558,0.0,0.0,1.0,0.0,0.0,1.0,1.0
0,-0.5300050983330725,-0.4742788222764252,-0.4734077245683853,-0.4967137238337972,0.0,0.0,1.0,0.0,0.0,1.0,1.0
1,-1.9067994860264272,-0.4742788222764252,0.7671989889328833,-0.40079158413522115,0.0,0.0,1.0,0.0,0.0,1.0,0.0
0,-1.424921450333753,4.059867429314721,2.007805702434152,0.295729082220321,0.0,0.0,1.0,0.0,0.0,1.0,1.0
0,-0.3693790864355144,-0.4742788222764252,-0.4734077245683853,-0.6480576784030067,0.0,1.0,0.0,0.0,0.0,1.0,1.0
0,1.397507044437624,-0.4742788222764252,-0.4734077245683853,-0.48606442844527126,0.0,0.0,1.0,0.0,0.0,1.0,1.0
1,2.2924233964383047,-0.4742788222764252,-0.4734077245683853,-0.4551247238725983,0.0,0.0,1.0,0.0,0.0,1.0,0.0
1,-0.3234859401790693,0.43255042804180416,-0.4734077245683853,1.184764136696443,1.0,0.0,0.0,1.0,0.0,0.0,1.0
0,-1.7461734741288693,2.246208928678263,0.7671989889328833,-0.13558146738453972,0.0,0.0,1.0,0.0,0.0,1.0,0.0
1,0.36491125366760807,0.43255042804180416,-0.4734077245683853,1.1630469795095624,1.0,0.0,0.0,0.0,0.0,1.0,0.0
0,1.948224799514966,-0.4742788222764252,-0.4734077245683853,-0.05039314129185885,1.0,0.0,0.0,1.0,0.0,0.0,1.0
0,0.02071265674426938,-0.4742788222764252,-0.4734077245683853,-0.48606442844527126,0.0,0.0,1.0,0.0,0.0,1.0,1.0
1,-1.424921450333753,0.43255042804180416,0.7671989889328833,-0.32809585550511944,0.0,0.0,1.0,0.0,0.0,1.0,1.0
0,-0.23169964766617898,0.43255042804180416,-0.4734077245683853,-0.2462600853680856,0.0,0.0,1.0,0.0,0.0,1.0,1.0
0,-0.5988448177177402,-0.4742788222764252,-0.4734077245683853,-0.5021631365156053,0.0,0.0,1.0,0.0,0.0,1.0,1.0
0,1.7417056413609626,-0.4742788222764252,-0.4734077245683853,-0.03429443322152489,1.0,0.0,0.0,0.0,0.0,1.0,1.0
0,2.8431411515156464,-0.4742788222764252,-0.4734077245683853,0.3481344016662756,1.0,0.0,0.0,1.0,0.0,0.0,1.0
0,-0.5988448177177402,-0.4742788222764252,-0.4734077245683853,-0.48606442844527126,0.0,0.0,1.0,0.0,0.0,1.0,1.0
0,-0.4382188058201822,-0.4742788222764252,-0.4734077245683853,-0.35710773978636995,0.0,0.0,1.0,1.0,0.0,0.0,1.0
1,1.672865921976295,0.43255042804180416,-0.4734077245683853,0.9269332652575009,1.0,0.0,0.0,1.0,0.0,0.0,0.0
0,-0.47263866551251604,-0.4742788222764252,-0.4734077245683853,-0.34419456357545336,0.0,0.0,1.0,0.0,0.0,1.0,1.0
0,-0.3234859401790693,0.43255042804180416,2.007805702434152,2.4016413316708807,1.0,0.0,0.0,0.0,0.0,1.0,0.0
0,-0.392325659563737,-0.4742788222764252,-0.4734077245683853,-0.4911797929346199,0.0,0.0,1.0,0.0,0.0,1.0,1.0
0,-0.8742036952564112,-0.4742788222764252,-0.4734077245683853,-0.47373885507892183,0.0,0.0,1.0,0.0,0.0,1.0,1.0
0,-0.5988448177177402,-0.4742788222764252,-0.4734077245683853,-0.4921014439716465,0.0,0.0,1.0,0.0,1.0,0.0,0.0
0,-0.4955852386407386,-0.4742788222764252,-0.4734077245683853,-0.4945323488902669,0.0,0.0,1.0,0.0,1.0,0.0,0.0
0,0.5025906924369435,-0.4742788222764252,-0.4734077245683853,-0.4551247238725983,0.0,0.0,1.0,0.0,0.0,1.0,0.0
1,-0.9430434146410789,-0.4742788222764252,-0.4734077245683853,1.0926151317018513,1.0,0.0,0.0,0.0,0.0,1.0,0.0
0,-0.8053639758717435,0.43255042804180416,-0.4734077245683853,1.543378957671202,1.0,0.0,0.0,1.0,0.0,0.0,1.0
1,0.22723181489827257,-0.4742788222764252,2.007805702434152,-0.12484966611715334,0.0,1.0,0.0,0.0,0.0,1.0,0.0
1,1.6499193488480721,-0.4742788222764252,-0.4734077245683853,-0.11378180431879874,1.0,0.0,0.0,0.0,0.0,1.0,1.0
0,-0.11696678202506608,-0.4742788222764252,-0.4734077245683853,-0.19477842929766645,0.0,0.0,1.0,0.0,0.0,1.0,1.0
1,-0.2546462207944016,-0.4742788222764252,-0.4734077245683853,0.4888290608469592,0.0,0.0,1.0,0.0,0.0,1.0,1.0
1,-0.04812706264039835,-0.4742788222764252,-0.4734077245683853,-0.4921014439716465,0.0,0.0,1.0,0.0,1.0,0.0,1.0
0,-0.3005393670508467,-0.4742788222764252,-0.4734077245683853,-0.48606442844527126,0.0,0.0,1.0,0.0,0.0,1.0,1.0
1,0.4337509730522758,-0.4742788222764252,-0.4734077245683853,-0.11906419290437706,1.0,0.0,0.0,0.0,0.0,1.0,1.0
1,1.672865921976295,0.43255042804180416,-0.4734077245683853,0.547271395819289,1.0,0.0,0.0,1.0,0.0,0.0,0.0
0,-0.392325659563737,-0.4742788222764252,-0.4734077245683853,-0.49721680846099514,0.0,0.0,1.0,0.0,0.0,1.0,1.0
0,1.190987886283621,-0.4742788222764252,-0.4734077245683853,0.036555980996014835,1.0,0.0,0.0,0.0,0.0,1.0,1.0
1,0.2960715342829403,-0.4742788222764252,-0.4734077245683853,-0.4367621349798736,0.0,1.0,0.0,0.0,0.0,1.0,0.0
0,1.7302323547968514,-0.4742788222764252,-0.4734077245683853,-0.16207792852980063,0.0,0.0,1.0,0.0,1.0,0.0,1.0
1,0.4337509730522758,0.43255042804180416,-0.4734077245683853,-0.12484966611715334,0.0,1.0,0.0,0.0,0.0,1.0,0.0
0,0.15839209551360486,-0.4742788222764252,-0.4734077245683853,-0.48916745442582815,0.0,0.0,1.0,0.0,0.0,1.0,1.0
1,0.02071265674426938,-0.4742788222764252,-0.4734077245683853,1.2334788273172734,1.0,0.0,0.0,0.0,0.0,1.0,0.0
0,-0.5300050983330725,-0.4742788222764252,-0.4734077245683853,-0.48916745442582815,0.0,0.0,1.0,0.0,0.0,1.0,1.0
0,0.4222776864881645,-0.4742788222764252,-0.4734077245683853,-0.5026662211428031,0.0,0.0,1.0,1.0,0.0,0.0,1.0
1,0.9844687281296176,-0.4742788222764252,0.7671989889328833,0.5186800902863759,1.0,0.0,0.0,1.0,0.0,0.0,0.0
0,-0.34643251330729186,-0.4742788222764252,-0.4734077245683853,-0.5025817029254339,0.0,0.0,1.0,1.0,0.0,0.0,1.0
0,0.7435297102832806,-0.4742788222764252,-0.4734077245683853,-0.4921014439716465,0.0,0.0,1.0,0.0,1.0,0.0,1.0
1,1.397507044437624,-0.4742788222764252,-0.4734077245683853,-0.4367621349798736,0.0,1.0,0.0,0.0,0.0,1.0,0.0
0,-0.048127062640398344,-0.4742788222764252,-0.4734077245683853,3.814890567687252,1.0,0.0,0.0,0.0,0.0,1.0,1.0
0,0.640270131206279,-0.4742788222764252,-0.4734077245683853,-0.48857985158126094,0.0,0.0,1.0,0.0,0.0,1.0,1.0
0,-0.46116537894840476,1.3393796783600334,0.7671989889328833,-0.41663874989195615,0.0,1.0,0.0,0.0,0.0,1.0,1.0
1,-1.9067994860264272,0.43255042804180416,0.7671989889328833,-0.12484966611715334,0.0,1.0,0.0,0.0,0.0,1.0,0.0
0,-0.34643251330729186,-0.4742788222764252,-0.4734077245683853,-0.5025817029254339,0.0,0.0,1.0,1.0,0.0,0.0,1.0
0,-0.8742036952564112,0.43255042804180416,0.7671989889328833,-0.5025817029254339,0.0,0.0,1.0,1.0,0.0,0.0,1.0
1,-0.8053639758717434,-0.4742788222764252,2.007805702434152,-0.19813299759182226,0.0,0.0,1.0,1.0,0.0,0.0,0.0
0,0.02071265674426938,-0.4742788222764252,-0.4734077245683853,-0.47373885507892183,0.0,0.0,1.0,0.0,0.0,1.0,0.0
1,-1.5626008891030885,-0.4742788222764252,2.007805702434152,-0.11981881984517398,0.0,1.0,0.0,0.0,0.0,1.0,0.0
0,1.0533084475142853,-0.4742788222764252,-0.4734077245683853,-0.11378180431879874,1.0,0.0,0.0,0.0,0.0,1.0,1.0
1,0.02071265674426938,-0.4742788222764252,-0.4734077245683853,1.4935735795786063,1.0,0.0,0.0,1.0,0.0,0.0,0.0
0,-0.47263866551251604,-0.4742788222764252,-0.4734077245683853,-0.3562685946282038,0.0,0.0,1.0,0.0,0.0,1.0,1.0
1,-0.5300050983330725,-0.4742788222764252,2.007805702434152,0.34804988344890636,1.0,0.0,0.0,1.0,0.0,0.0,0.0
1,0.4337509730522758,-0.4742788222764252,2.007805702434152,0.7807026628391311,1.0,0.0,0.0,0.0,0.0,1.0,0.0
0,-1.424921450333753,3.1530381789964923,2.007805702434152,-0.01869880977838891,0.0,0.0,1.0,0.0,0.0,1.0,0.0
0,-1.2872420115644176,3.1530381789964923,2.007805702434152,-0.01869880977838891,0.0,0.0,1.0,0.0,0.0,1.0,0.0
1,0.15839209551360486,0.43255042804180416,-0.4734077245683853,-0.12484966611715334,0.0,1.0,0.0,0.0,0.0,1.0,1.0
0,1.397507044437624,0.43255042804180416,-0.4734077245683853,1.4935735795786063,1.0,0.0,0.0,1.0,0.0,0.0,1.0
0,2.361263115822972,-0.4742788222764252,-0.4734077245683853,-0.12484966611715334,1.0,0.0,0.0,0.0,0.0,1.0,1.0
1,-0.7365242564870756,0.43255042804180416,-0.4734077245683853,-0.12484966611715334,0.0,1.0,0.0,0.0,0.0,1.0,0.0
1,-0.0022339163839531994,-0.4742788222764252,-0.4734077245683853,-0.3690972526217512,0.0,1.0,0.0,1.0,0.0,0.0,1.0
0,0.22723181489827257,0.43255042804180416,0.7671989889328833,-0.23502519947350134,0.0,0.0,1.0,0.0,0.0,1.0,1.0
1,-1.4937611697184208,0.43255042804180416,0.7671989889328833,0.09147672357795908,0.0,1.0,0.0,0.0,0.0,1.0,1.0
1,-0.8742036952564112,-0.4742788222764252,2.007805702434152,1.5832896673160688,1.0,0.0,0.0,1.0,0.0,0.0,1.0
0,-0.18580650140973382,-0.4742788222764252,-0.4734077245683853,-0.12484966611715334,0.0,1.0,0.0,0.0,0.0,1.0,1.0
0,1.7302323547968514,-0.4742788222764252,-0.4734077245683853,-0.49050767187268346,0.0,0.0,1.0,0.0,1.0,0.0,1.0
1,-0.5300050983330725,-0.4742788222764252,-0.4734077245683853,-0.5026662211428031,0.0,0.0,1.0,1.0,0.0,0.0,1.0
1,-0.5300050983330725,-0.4742788222764252,-0.4734077245683853,-0.4915983593444486,0.0,0.0,1.0,0.0,0.0,1.0,0.0
0,2.223583677053637,-0.4742788222764252,-0.4734077245683853,-0.11378180431879874,1.0,0.0,0.0,0.0,0.0,1.0,1.0
1,1.2598276056682887,0.43255042804180416,-0.4734077245683853,0.14882837107852379,1.0,0.0,0.0,1.0,0.0,0.0,0.0
0,0.3419646805393855,-0.4742788222764252,-0.4734077245683853,3.9305155137254073,1.0,0.0,0.0,1.0,0.0,0.0,1.0
1,0.640270131206279,0.43255042804180416,0.7671989889328833,0.9547699438496171,1.0,0.0,0.0,0.0,0.0,1.0,0.0
1,0.4337509730522758,0.43255042804180416,-0.4734077245683853,-0.2979107778732433,0.0,0.0,1.0,0.0,0.0,1.0,0.0
0,1.7302323547968512,-0.4742788222764252,-0.4734077245683853,-0.4921014439716465,0.0,0.0,1.0,0.0,1.0,0.0,1.0
0,0.7091098505909467,-0.4742788222764252,-0.4734077245683853,-0.48916745442582815,0.0,0.0,1.0,0.0,0.0,1.0,1.0
0,-0.11696678202506608,-0.4742788222764252,-0.4734077245683853,-0.37639197971612126,0.0,1.0,0.0,0.0,0.0,1.0,1.0
0,-0.3005393670508467,-0.4742788222764252,-0.4734077245683853,-0.48606442844527126,0.0,0.0,1.0,0.0,0.0,1.0,1.0
0,-0.3005393670508467,-0.4742788222764252,-0.4734077245683853,-0.48606442844527126,0.0,0.0,1.0,0.0,0.0,1.0,0.0
0,-0.392325659563737,1.3393796783600334,-0.4734077245683853,-0.16207792852980063,0.0,0.0,1.0,0.0,0.0,1.0,1.0
0,-0.7365242564870756,-0.4742788222764252,-0.4734077245683853,-0.48916745442582815,0.0,0.0,1.0,0.0,0.0,1.0,1.0
0,-0.04812706264039835,-0.4742788222764252,4.48901912943669,-0.22395733767514672,0.0,0.0,1.0,0.0,0.0,1.0,0.0
0,-0.34643251330729186,-0.4742788222764252,-0.4734077245683853,-0.5025817029254339,0.0,0.0,1.0,1.0,0.0,0.0,1.0
1,0.15839209551360486,-0.4742788222764252,-0.4734077245683853,-0.49000458724548557,0.0,0.0,1.0,0.0,0.0,1.0,1.0
1,2.223583677053637,-0.4742788222764252,-0.4734077245683853,-0.4367621349798736,0.0,1.0,0.0,0.0,0.0,1.0,1.0
1,1.6040262025916272,1.3393796783600334,-0.4734077245683853,0.3878780872149125,1.0,0.0,0.0,0.0,0.0,1.0,0.0
1,0.4337509730522758,-0.4742788222764252,-0.4734077245683853,-0.11705185439558535,1.0,0.0,0.0,0.0,0.0,1.0,1.0
1,-0.4955852386407386,-0.4742788222764252,-0.4734077245683853,-0.4921014439716465,0.0,0.0,1.0,0.0,1.0,0.0,0.0
0,-0.9430434146410789,-0.4742788222764252,-0.4734077245683853,-0.48606442844527126,0.0,0.0,1.0,0.0,0.0,1.0,1.0
0,-0.7365242564870756,-0.4742788222764252,-0.4734077245683853,-0.3562685946282038,0.0,0.0,1.0,0.0,0.0,1.0,1.0
1,0.2960715342829403,-0.4742788222764252,-0.4734077245683853,-0.38645367226008,0.0,1.0,0.0,0.0,0.0,1.0,0.0
1,0.640270131206279,0.43255042804180416,-0.4734077245683853,0.4768395480115779,1.0,0.0,0.0,0.0,0.0,1.0,0.0
0,-1.0463029937180803,0.43255042804180416,-0.4734077245683853,-0.35710773978636995,0.0,0.0,1.0,1.0,0.0,0.0,0.0
1,0.15839209551360486,-0.4742788222764252,-0.4734077245683853,-0.48857985158126094,0.0,0.0,1.0,0.0,0.0,1.0,1.0
1,-0.3234859401790693,0.43255042804180416,0.7671989889328833,-0.04435612576548361,0.0,1.0,0.0,0.0,0.0,1.0,0.0
1,0.640270131206279,0.43255042804180416,0.7671989889328833,1.5832896673160688,1.0,0.0,0.0,1.0,0.0,0.0,0.0
0,1.672865921976295,-0.4742788222764252,-0.4734077245683853,-0.12484966611715334,0.0,1.0,0.0,0.0,0.0,1.0,1.0
0,0.4337509730522758,-0.4742788222764252,-0.4734077245683853,0.15939314824968043,1.0,0.0,0.0,1.0,0.0,0.0,1.0
0,0.27312496115471774,-0.4742788222764252,-0.4734077245683853,-0.47273268582452604,0.0,0.0,1.0,1.0,0.0,0.0,1.0
1,-0.8053639758717435,-0.4742788222764252,2.007805702434152,0.9547699438496171,1.0,0.0,0.0,0.0,0.0,1.0,0.0
0,1.190987886283621,-0.4742788222764252,-0.4734077245683853,-0.3462069020842451,0.0,1.0,0.0,0.0,0.0,1.0,1.0
1,2.0859042382843014,0.43255042804180416,0.7671989889328833,0.9457144205600542,1.0,0.0,0.0,1.0,0.0,0.0,1.0
0,-0.5300050983330725,-0.4742788222764252,-0.4734077245683853,-0.48606442844527126,0.0,0.0,1.0,0.0,0.0,1.0,1.0
0,-0.3005393670508467,-0.4742788222764252,-0.4734077245683853,-0.48606442844527126,0.0,0.0,1.0,0.0,0.0,1.0,1.0
0,0.36491125366760807,-0.4742788222764252,-0.4734077245683853,-0.5046785596515949,0.0,0.0,1.0,0.0,0.0,1.0,1.0
1,1.5351864832069595,0.43255042804180416,-0.4734077245683853,0.9269332652575009,1.0,0.0,0.0,1.0,0.0,0.0,0.0
0,1.190987886283621,-0.4742788222764252,-0.4734077245683853,-0.5021631365156053,0.0,0.0,1.0,0.0,0.0,1.0,1.0
0,-0.7365242564870758,-0.4742788222764252,2.007805702434152,-0.4921014439716465,0.0,0.0,1.0,0.0,1.0,0.0,0.0
0,0.5025906924369435,0.43255042804180416,-0.4734077245683853,-0.12484966611715334,0.0,1.0,0.0,0.0,0.0,1.0,1.0
0,0.4337509730522758,0.43255042804180416,0.7671989889328833,-0.16207792852980063,0.0,0.0,1.0,0.0,0.0,1.0,1.0
1,0.45669754618049835,-0.4742788222764252,-0.4734077245683853,0.016014029498268696,0.0,1.0,0.0,0.0,0.0,1.0,0.0
0,1.3286673250529564,-0.4742788222764252,-0.4734077245683853,-0.6480576784030067,0.0,0.0,1.0,0.0,0.0,1.0,1.0
0,0.4222776864881645,-0.4742788222764252,-0.4734077245683853,-0.5026662211428031,0.0,0.0,1.0,1.0,0.0,0.0,1.0
1,1.3286673250529564,0.43255042804180416,-0.4734077245683853,0.4975505359440626,1.0,0.0,0.0,1.0,0.0,0.0,1.0
1,-0.392325659563737,1.3393796783600334,0.7671989889328833,-0.10472628102923591,0.0,1.0,0.0,0.0,0.0,1.0,0.0
0,-0.1169667820250661,-0.4742788222764252,-0.4734077245683853,-0.48916745442582815,0.0,0.0,1.0,0.0,0.0,1.0,1.0
0,0.7091098505909468,-0.4742788222764252,-0.4734077245683853,0.20517384932469254,1.0,0.0,0.0,0.0,0.0,1.0,1.0
0,0.9844687281296176,-0.4742788222764252,-0.4734077245683853,-0.48606442844527126,0.0,0.0,1.0,0.0,0.0,1.0,1.0
1,0.36491125366760807,-0.4742788222764252,-0.4734077245683853,-0.11378180431879874,1.0,0.0,0.0,1.0,0.0,0.0,1.0
0,0.4337509730522758,0.43255042804180416,-0.4734077245683853,-0.33513904028589053,0.0,0.0,1.0,0.0,0.0,1.0,1.0
0,0.02071265674426938,-0.4742788222764252,-0.4734077245683853,-0.48916745442582815,0.0,0.0,1.0,0.0,0.0,1.0,1.0
1,-0.18580650140973382,-0.4742788222764252,-0.4734077245683853,-0.03429443322152489,1.0,0.0,0.0,0.0,0.0,1.0,1.0
1,-0.5300050983330725,0.43255042804180416,2.007805702434152,0.18865657484452994,0.0,1.0,0.0,1.0,0.0,0.0,0.0
1,0.7091098505909467,-0.4742788222764252,-0.4734077245683853,2.4401273056515227,1.0,0.0,0.0,0.0,0.0,1.0,0.0
0,0.640270131206279,0.43255042804180416,5.729625842937959,-0.01869880977838891,0.0,0.0,1.0,0.0,0.0,1.0,0.0
0,-0.34643251330729186,-0.4742788222764252,-0.4734077245683853,-0.5061878135331888,0.0,0.0,1.0,0.0,0.0,1.0,1.0
1,-0.7824174027435209,0.43255042804180416,-0.4734077245683853,-0.3361452095402864,0.0,0.0,1.0,0.0,1.0,0.0,0.0
0,1.7302323547968512,-0.4742788222764252,-0.4734077245683853,-0.4921014439716465,0.0,0.0,1.0,0.0,1.0,0.0,1.0
0,0.36491125366760807,-0.4742788222764252,-0.4734077245683853,-0.48606442844527126,0.0,0.0,1.0,0.0,0.0,1.0,1.0
1,-0.392325659563737,0.43255042804180416,2.007805702434152,0.6599623523116266,0.0,1.0,0.0,0.0,0.0,1.0,0.0
0,0.2960715342829403,0.43255042804180416,0.7671989889328833,-0.3582809331369956,0.0,0.0,1.0,0.0,0.0,1.0,1.0
0,-0.2546462207944016,0.43255042804180416,-0.4734077245683853,-0.3240711784875359,0.0,0.0,1.0,0.0,0.0,1.0,0.0
1,-1.7691200472570916,1.3393796783600334,0.7671989889328833,0.1367543400257733,0.0,1.0,0.0,0.0,0.0,1.0,0.0
0,-0.2546462207944016,-0.4742788222764252,-0.4734077245683853,-0.4367621349798736,0.0,1.0,0.0,0.0,0.0,1.0,1.0
0,-0.18580650140973382,0.43255042804180416,-0.4734077245683853,-0.35719024566523044,0.0,0.0,1.0,1.0,0.0,0.0,1.0
1,0.8467892893602822,0.43255042804180416,-0.4734077245683853,0.4095107261844238,1.0,0.0,0.0,0.0,0.0,1.0,1.0
1,-0.6676845371024079,0.43255042804180416,0.7671989889328833,-0.3312813873645367,0.0,0.0,1.0,1.0,0.0,0.0,1.0
0,-0.5988448177177402,-0.4742788222764252,-0.4734077245683853,-0.49000458724548557,0.0,0.0,1.0,0.0,0.0,1.0,1.0
0,-0.5988448177177402,-0.4742788222764252,-0.4734077245683853,-0.3240711784875359,0.0,0.0,1.0,0.0,0.0,1.0,1.0
0,2.1547439576689693,-0.4742788222764252,-0.4734077245683853,0.002346226346555142,1.0,0.0,0.0,0.0,0.0,1.0,1.0
0,1.8793850801302983,-0.4742788222764252,-0.4734077245683853,-0.3995338725672263,0.0,1.0,0.0,0.0,1.0,0.0,1.0
1,-0.5988448177177402,-0.4742788222764252,-0.4734077245683853,0.920727213296387,1.0,0.0,0.0,0.0,0.0,1.0,0.0
0,-0.2546462207944016,-0.4742788222764252,-0.4734077245683853,-0.48916745442582815,0.0,0.0,1.0,0.0,0.0,1.0,1.0
0,0.6287968446421677,-0.4742788222764252,-0.4734077245683853,-0.49243750450261475,0.0,0.0,1.0,0.0,1.0,0.0,1.0
1,3.462698625977656,-0.4742788222764252,-0.4734077245683853,-0.04435612576548361,1.0,0.0,0.0,0.0,0.0,1.0,1.0
0,1.4663467638222918,-0.4742788222764252,-0.4734077245683853,-0.5061032953158194,0.0,0.0,1.0,0.0,0.0,1.0,1.0
1,0.15839209551360486,-0.4742788222764252,-0.4734077245683853,-0.03429443322152489,1.0,0.0,0.0,1.0,0.0,0.0,1.0
0,0.640270131206279,-0.4742788222764252,-0.4734077245683853,-0.6480576784030067,1.0,0.0,0.0,0.0,0.0,1.0,1.0
0,-1.424921450333753,2.246208928678263,2.007805702434152,-0.08661523445011025,0.0,0.0,1.0,0.0,0.0,1.0,0.0
1,-0.11696678202506608,-0.4742788222764252,-0.4734077245683853,-0.38645367226008,0.0,1.0,0.0,0.0,0.0,1.0,0.0
0,0.15839209551360486,-0.4742788222764252,-0.4734077245683853,-0.48857985158126094,0.0,0.0,1.0,0.0,0.0,1.0,1.0
0,0.08955237612893711,0.43255042804180416,0.7671989889328833,-0.11981881984517398,0.0,1.0,0.0,0.0,0.0,1.0,1.0
0,0.7779495699756145,-0.4742788222764252,5.729625842937959,0.15058916727371655,0.0,0.0,1.0,0.0,0.0,1.0,0.0
0,-0.16285992828151122,0.43255042804180416,-0.4734077245683853,-0.3240711784875359,0.0,0.0,1.0,0.0,0.0,1.0,1.0
0,-0.6676845371024079,-0.4742788222764252,-0.4734077245683853,-0.49000458724548557,0.0,0.0,1.0,0.0,0.0,1.0,1.0
1,-0.392325659563737,-0.4742788222764252,-0.4734077245683853,0.7464929081896715,1.0,0.0,0.0,1.0,0.0,0.0,0.0
0,-1.9067994860264272,2.246208928678263,2.007805702434152,-0.08661523445011025,0.0,0.0,1.0,0.0,0.0,1.0,0.0
1,-0.07107363576862093,-0.4742788222764252,-0.4734077245683853,0.4888290608469592,0.0,0.0,1.0,0.0,0.0,1.0,1.0
1,-1.992849135257262,1.3393796783600334,0.7671989889328833,-0.26051549136436636,0.0,0.0,1.0,1.0,0.0,0.0,0.0
1,1.2598276056682887,0.43255042804180416,-0.4734077245683853,0.8959935606848278,1.0,0.0,0.0,1.0,0.0,0.0,1.0
0,-0.7365242564870756,-0.4742788222764252,-0.4734077245683853,-0.48916745442582815,0.0,0.0,1.0,0.0,0.0,1.0,1.0
1,1.8105453607456305,-0.4742788222764252,-0.4734077245683853,0.06632249221806229,1.0,0.0,0.0,1.0,0.0,0.0,1.0
0,-0.025180489512175774,-0.4742788222764252,-0.4734077245683853,-0.49612612098923,0.0,0.0,1.0,0.0,0.0,1.0,1.0
1,-0.46116537894840476,-0.4742788222764252,-0.4734077245683853,-0.49612612098923,0.0,0.0,1.0,0.0,0.0,1.0,0.0
0,-0.1169667820250661,-0.4742788222764252,-0.4734077245683853,-0.48916745442582815,0.0,0.0,1.0,0.0,0.0,1.0,1.0
1,-0.8053639758717435,-0.4742788222764252,0.7671989889328833,-0.18521982138090565,0.0,1.0,0.0,0.0,0.0,1.0,0.0
0,-0.5988448177177402,-0.4742788222764252,-0.4734077245683853,-0.47835113494107256,0.0,0.0,1.0,0.0,0.0,1.0,1.0
1,-0.4267455192560709,-0.4742788222764252,-0.4734077245683853,-0.49050767187268346,0.0,0.0,1.0,0.0,1.0,0.0,0.0
0,-0.8053639758717435,-0.4742788222764252,-0.4734077245683853,-0.5122248290595639,0.0,0.0,1.0,0.0,1.0,0.0,0.0
0,-0.392325659563737,1.3393796783600334,-0.4734077245683853,0.8310111255589248,0.0,1.0,0.0,0.0,0.0,1.0,1.0
0,-0.1169667820250661,-0.4742788222764252,-0.4734077245683853,-0.48916745442582815,0.0,0.0,1.0,0.0,0.0,1.0,1.0
0,0.15839209551360486,0.43255042804180416,0.7671989889328833,-0.3361452095402864,0.0,0.0,1.0,0.0,1.0,0.0,0.0
0,-0.46116537894840476,-0.4742788222764252,-0.4734077245683853,-0.38645367226008,0.0,1.0,0.0,0.0,0.0,1.0,1.0
0,1.948224799514966,-0.4742788222764252,2.007805702434152,1.631418767430841,1.0,0.0,0.0,1.0,0.0,0.0,1.0
1,1.397507044437624,1.3393796783600334,-0.4734077245683853,2.0414327385971585,1.0,0.0,0.0,0.0,0.0,1.0,1.0
0,0.7091098505909467,-0.4742788222764252,-0.4734077245683853,-0.5026662211428031,0.0,0.0,1.0,1.0,0.0,0.0,1.0
0,1.190987886283621,-0.4742788222764252,-0.4734077245683853,-0.1331505624659193,1.0,0.0,0.0,0.0,0.0,1.0,1.0
0,0.4337509730522758,-0.4742788222764252,-0.4734077245683853,-0.49721680846099514,0.0,0.0,1.0,0.0,0.0,1.0,1.0
1,-0.6676845371024079,0.43255042804180416,-0.4734077245683853,-0.48857985158126094,0.0,0.0,1.0,0.0,0.0,1.0,1.0
0,0.15839209551360486,1.3393796783600334,-0.4734077245683853,0.8310111255589248,0.0,1.0,0.0,0.0,0.0,1.0,1.0
0,-0.3234859401790693,-0.4742788222764252,-0.4734077245683853,-0.38645367226008,0.0,1.0,0.0,0.0,0.0,1.0,1.0
0,-0.34643251330729186,-0.4742788222764252,-0.4734077245683853,-0.4915983593444486,0.0,0.0,1.0,0.0,0.0,1.0,1.0
0,0.9156290087449499,-0.4742788222764252,-0.4734077245683853,-0.48606442844527126,0.0,0.0,1.0,0.0,0.0,1.0,1.0
1,0.31901810741116293,0.43255042804180416,-0.4734077245683853,0.3983583461687,1.0,0.0,0.0,0.0,0.0,1.0,0.0
1,0.7091098505909467,0.43255042804180416,0.7671989889328833,0.1367543400257733,0.0,1.0,0.0,0.0,0.0,1.0,0.0
0,0.08955237612893711,0.43255042804180416,-0.4734077245683853,0.3983583461687,1.0,0.0,0.0,0.0,0.0,1.0,1.0
0,2.774301432130979,-0.4742788222764252,-0.4734077245683853,-0.4367621349798736,0.0,1.0,0.0,0.0,0.0,1.0,1.0
1,0.08955237612893711,-0.4742788222764252,-0.4734077245683853,-0.38645367226008,0.0,1.0,0.0,0.0,0.0,1.0,1.0
0,-0.3693790864355144,-0.4742788222764252,-0.4734077245683853,-0.6480576784030067,0.0,1.0,0.0,0.0,0.0,1.0,1.0
0,-0.8053639758717435,-0.4742788222764252,-0.4734077245683853,-0.4915983593444486,0.0,0.0,1.0,0.0,0.0,1.0,1.0
0,-0.35790579987140314,-0.4742788222764252,-0.4734077245683853,-0.48606442844527126,0.0,0.0,1.0,0.0,0.0,1.0,1.0
1,-0.8053639758717435,-0.4742788222764252,-0.4734077245683853,-0.45000935938324965,0.0,0.0,1.0,0.0,0.0,1.0,0.0
0,0.9156290087449499,0.43255042804180416,6.970232556439227,0.295729082220321,0.0,0.0,1.0,0.0,0.0,1.0,0.0
1,0.4337509730522758,-0.4742788222764252,0.7671989889328833,9.661740104981662,1.0,0.0,0.0,1.0,0.0,0.0,1.0
0,-0.7824174027435209,-0.4742788222764252,-0.4734077245683853,-0.48430363225007855,0.0,0.0,1.0,0.0,1.0,0.0,0.0
1,-0.18580650140973382,-0.4742788222764252,-0.4734077245683853,0.8959935606848278,1.0,0.0,0.0,1.0,0.0,0.0,1.0
0,-0.6676845371024079,-0.4742788222764252,-0.4734077245683853,-0.4624194509669683,0.0,0.0,1.0,0.0,0.0,1.0,1.0
0,-1.0807228534104143,4.059867429314721,2.007805702434152,0.295729082220321,0.0,0.0,1.0,0.0,0.0,1.0,1.0
0,2.0859042382843014,0.43255042804180416,0.7671989889328833,0.1367543400257733,0.0,1.0,0.0,0.0,0.0,1.0,1.0
0,-0.3234859401790693,0.43255042804180416,2.007805702434152,0.18865657484452994,0.0,1.0,0.0,1.0,0.0,0.0,1.0
0,-1.0807228534104143,3.1530381789964923,0.7671989889328833,0.15058916727371655,0.0,0.0,1.0,0.0,0.0,1.0,1.0
0,-0.7365242564870756,-0.4742788222764252,-0.4734077245683853,-0.443386753350816,0.0,0.0,1.0,0.0,0.0,1.0,1.0
0,-0.8053639758717435,-0.4742788222764252,-0.4734077245683853,-0.4911797929346199,0.0,0.0,1.0,0.0,0.0,1.0,1.0
1,-1.0118831340257466,-0.4742788222764252,0.7671989889328833,3.604768217614744,1.0,0.0,0.0,0.0,0.0,1.0,0.0
1,0.08955237612893711,0.43255042804180416,-0.4734077245683853,0.49897527160828714,1.0,0.0,0.0,0.0,0.0,1.0,1.0
1,-1.7691200472570916,-0.4742788222764252,0.7671989889328833,-0.3780682576939448,0.0,0.0,1.0,1.0,0.0,0.0,0.0
1,-0.07107363576862093,-0.4742788222764252,-0.4734077245683853,0.4888290608469592,0.0,0.0,1.0,0.0,0.0,1.0,1.0
0,-0.3234859401790693,-0.4742788222764252,-0.4734077245683853,-0.5026662211428031,0.0,0.0,1.0,1.0,0.0,0.0,1.0
0,2.0859042382843014,-0.4742788222764252,-0.4734077245683853,-0.11378180431879874,1.0,0.0,0.0,0.0,0.0,1.0,1.0
0,1.5351864832069595,-0.4742788222764252,-0.4734077245683853,-0.37639197971612126,0.0,1.0,0.0,0.0,0.0,1.0,1.0
0,0.9844687281296176,-0.4742788222764252,-0.4734077245683853,-0.48606442844527126,0.0,0.0,1.0,0.0,0.0,1.0,1.0
1,-0.4955852386407386,-0.4742788222764252,-0.4734077245683853,-0.49243750450261475,0.0,0.0,1.0,0.0,1.0,0.0,0.0
0,1.3286673250529564,0.43255042804180416,0.7671989889328833,1.5832896673160688,1.0,0.0,0.0,1.0,0.0,0.0,1.0
0,0.8467892893602822,-0.4742788222764252,-0.4734077245683853,-0.4941137824804383,0.0,0.0,1.0,0.0,0.0,1.0,1.0
1,-0.8053639758717435,0.43255042804180416,-0.4734077245683853,3.9305155137254073,1.0,0.0,0.0,1.0,0.0,0.0,0.0
1,0.36491125366760807,-0.4742788222764252,-0.4734077245683853,-0.11906419290437706,1.0,0.0,0.0,0.0,0.0,1.0,1.0
0,-0.8053639758717435,-0.4742788222764252,0.7671989889328833,-0.35719024566523044,0.0,0.0,1.0,1.0,0.0,0.0,0.0
0,-0.3234859401790693,-0.4742788222764252,-0.4734077245683853,-0.4922684680678762,0.0,0.0,1.0,0.0,1.0,0.0,1.0
0,-0.2546462207944016,0.43255042804180416,-0.4734077245683853,-0.49000458724548557,0.0,0.0,1.0,0.0,0.0,1.0,1.0
0,0.640270131206279,-0.4742788222764252,-0.4734077245683853,-0.12484966611715334,0.0,1.0,0.0,0.0,0.0,1.0,1.0
1,1.0533084475142853,-0.4742788222764252,-0.4734077245683853,-0.37639197971612126,0.0,1.0,0.0,0.0,0.0,1.0,0.0
1,0.8467892893602822,-0.4742788222764252,-0.4734077245683853,-0.11906419290437706,1.0,0.0,0.0,0.0,0.0,1.0,1.0
1,-0.5300050983330725,-0.4742788222764252,-0.4734077245683853,2.4016413316708807,1.0,0.0,0.0,0.0,0.0,1.0,0.0
1,-0.8512571221281885,0.43255042804180416,0.7671989889328833,-0.34126057402963506,0.0,0.0,1.0,1.0,0.0,0.0,1.0
1,-0.392325659563737,-0.4742788222764252,-0.4734077245683853,0.3481344016662756,1.0,0.0,0.0,1.0,0.0,0.0,0.0
0,1.6499193488480721,-0.4742788222764252,-0.4734077245683853,-0.11378180431879874,1.0,0.0,0.0,0.0,0.0,1.0,1.0
1,1.2598276056682887,0.43255042804180416,-0.4734077245683853,0.3983583461687,1.0,0.0,0.0,0.0,0.0,1.0,1.0
0,-0.04812706264039835,-0.4742788222764252,-0.4734077245683853,-0.4572215805987592,0.0,0.0,1.0,0.0,0.0,1.0,1.0
0,1.5351864832069595,-0.4742788222764252,-0.4734077245683853,-0.38645367226008,0.0,1.0,0.0,0.0,0.0,1.0,1.0
0,-0.7365242564870756,-0.4742788222764252,-0.4734077245683853,-0.4941137824804383,0.0,0.0,1.0,0.0,0.0,1.0,1.0
1,0.5714304118216113,-0.4742788222764252,-0.4734077245683853,3.9305155137254073,1.0,0.0,0.0,1.0,0.0,0.0,0.0
1,-0.18580650140973382,-0.4742788222764252,-0.4734077245683853,-0.4367621349798736,0.0,1.0,0.0,0.0,0.0,1.0,0.0
0,1.7302323547968514,-0.4742788222764252,-0.4734077245683853,-0.3361452095402864,0.0,0.0,1.0,0.0,1.0,0.0,1.0
0,0.22723181489827257,-0.4742788222764252,-0.4734077245683853,-0.4915983593444486,0.0,0.0,1.0,0.0,0.0,1.0,1.0
1,-1.6314406084877562,-0.4742788222764252,0.7671989889328833,0.016014029498268696,0.0,1.0,0.0,0.0,0.0,1.0,0.0
0,-0.8742036952564112,0.43255042804180416,-0.4734077245683853,-0.5061032953158194,0.0,0.0,1.0,0.0,0.0,1.0,1.0
0,0.2960715342829403,-0.4742788222764252,-0.4734077245683853,-0.38645367226008,0.0,1.0,0.0,0.0,0.0,1.0,1.0
0,1.397507044437624,-0.4742788222764252,-0.4734077245683853,-0.38645367226008,0.0,1.0,0.0,0.0,0.0,1.0,1.0
1,-0.18580650140973382,0.43255042804180416,-0.4734077245683853,0.42049406976540915,1.0,0.0,0.0,0.0,0.0,1.0,1.0
0,-0.6676845371024079,-0.4742788222764252,-0.4734077245683853,-0.47373885507892183,0.0,0.0,1.0,0.0,0.0,1.0,1.0
1,0.02071265674426938,2.246208928678263,-0.4734077245683853,-0.2254665915567405,0.0,1.0,0.0,0.0,0.0,1.0,0.0
1,-0.4955852386407386,-0.4742788222764252,-0.4734077245683853,-0.4923529862852455,0.0,0.0,1.0,0.0,1.0,0.0,0.0
0,-0.3234859401790693,0.43255042804180416,-0.4734077245683853,-0.12484966611715334,0.0,1.0,0.0,0.0,0.0,1.0,1.0
0,-0.3234859401790693,0.43255042804180416,-0.4734077245683853,-0.48857985158126094,0.0,0.0,1.0,0.0,0.0,1.0,0.0
1,-0.04812706264039835,-0.4742788222764252,-0.4734077245683853,3.604768217614744,1.0,0.0,0.0,0.0,0.0,1.0,0.0
0,-1.2872420115644176,-0.4742788222764252,-0.4734077245683853,-0.2699895810637578,0.0,0.0,1.0,1.0,0.0,0.0,1.0
0,-0.3693790864355144,-0.4742788222764252,-0.4734077245683853,-0.6480576784030067,0.0,1.0,0.0,0.0,0.0,1.0,1.0
0,-0.46116537894840476,-0.4742788222764252,-0.4734077245683853,-0.38645367226008,0.0,1.0,0.0,0.0,0.0,1.0,1.0
0,-0.46116537894840476,-0.4742788222764252,-0.4734077245683853,-0.38645367226008,0.0,1.0,0.0,0.0,0.0,1.0,1.0
0,-0.08254692233273221,-0.4742788222764252,-0.4734077245683853,-0.3240711784875359,0.0,0.0,1.0,0.0,0.0,1.0,1.0
0,1.2598276056682887,0.43255042804180416,3.2484124159354204,0.04368368399415517,0.0,0.0,1.0,0.0,0.0,1.0,0.0
1,0.36491125366760807,-0.4742788222764252,-0.4734077245683853,9.661740104981662,1.0,0.0,0.0,1.0,0.0,0.0,1.0
0,-0.1169667820250661,-0.4742788222764252,-0.4734077245683853,-0.48916745442582815,0.0,0.0,1.0,0.0,0.0,1.0,1.0
0,-0.1169667820250661,-0.4742788222764252,-0.4734077245683853,-0.48916745442582815,0.0,0.0,1.0,0.0,0.0,1.0,1.0
1,1.6499193488480726,-0.4742788222764252,-0.4734077245683853,-0.04435612576548361,1.0,0.0,0.0,0.0,0.0,1.0,1.0
0,0.4337509730522758,0.43255042804180416,-0.4734077245683853,0.9386712357792829,1.0,0.0,0.0,0.0,0.0,1.0,1.0
1,-0.5988448177177402,1.3393796783600334,2.007805702434152,4.631815484039331,1.0,0.0,0.0,1.0,0.0,0.0,0.0
0,-0.392325659563737,0.43255042804180416,-0.4734077245683853,-0.3240711784875359,0.0,0.0,1.0,0.0,0.0,1.0,1.0
1,0.08955237612893711,-0.4742788222764252,-0.4734077245683853,-0.48857985158126094,0.0,0.0,1.0,0.0,0.0,1.0,1.0
0,2.774301432130979,0.43255042804180416,0.7671989889328833,0.7807026628391311,1.0,0.0,0.0,0.0,0.0,1.0,1.0
0,-0.9430434146410789,0.43255042804180416,0.7671989889328833,-0.2405591303726786,0.0,0.0,1.0,0.0,0.0,1.0,1.0
1,0.02071265674426938,-0.4742788222764252,-0.4734077245683853,-0.38645367226008,0.0,1.0,0.0,0.0,0.0,1.0,0.0
0,-0.7365242564870756,0.43255042804180416,-0.4734077245683853,0.42049406976540915,1.0,0.0,0.0,0.0,0.0,1.0,1.0
0,0.08955237612893711,-0.4742788222764252,-0.4734077245683853,-0.4921014439716465,0.0,0.0,1.0,0.0,1.0,0.0,1.0
1,-1.7691200472570916,0.43255042804180416,0.7671989889328833,-0.18521982138090565,0.0,1.0,0.0,0.0,0.0,1.0,0.0
1,-1.6314406084877562,-0.4742788222764252,0.7671989889328833,-0.3970184494312366,0.0,0.0,1.0,0.0,0.0,1.0,1.0
0,0.22723181489827257,-0.4742788222764252,-0.4734077245683853,-0.456885520067791,0.0,0.0,1.0,0.0,0.0,1.0,1.0
0,-0.46116537894840476,-0.4742788222764252,-0.4734077245683853,-0.48916745442582815,0.0,0.0,1.0,0.0,0.0,1.0,1.0
1,1.2598276056682887,0.43255042804180416,2.007805702434152,0.6599623523116266,0.0,1.0,0.0,0.0,0.0,1.0,0.0
1,-1.998356312808035,0.43255042804180416,0.7671989889328833,-0.3562685946282038,0.0,1.0,0.0,0.0,0.0,1.0,1.0
0,-0.11696678202506608,-0.4742788222764252,-0.4734077245683853,-0.4911797929346199,0.0,0.0,1.0,0.0,0.0,1.0,1.0
0,-0.8053639758717435,-0.4742788222764252,-0.4734077245683853,-0.41663874989195615,0.0,1.0,0.0,0.0,0.0,1.0,1.0
0,0.2960715342829403,-0.4742788222764252,-0.4734077245683853,-0.48606442844527126,0.0,0.0,1.0,0.0,0.0,1.0,1.0
1,0.22723181489827257,-0.4742788222764252,-0.4734077245683853,1.0926151317018513,1.0,0.0,0.0,0.0,0.0,1.0,0.0
0,-0.47263866551251604,-0.4742788222764252,-0.4734077245683853,-0.3562685946282038,0.0,0.0,1.0,0.0,0.0,1.0,1.0
0,0.7779495699756145,-0.4742788222764252,-0.4734077245683853,-0.5046785596515949,0.0,0.0,1.0,0.0,0.0,1.0,1.0
1,-0.6676845371024079,-0.4742788222764252,-0.4734077245683853,-0.5025817029254339,0.0,0.0,1.0,1.0,0.0,0.0,1.0
1,0.4337509730522758,0.43255042804180416,2.007805702434152,1.7667485321470855,1.0,0.0,0.0,0.0,0.0,1.0,0.0
0,-0.9430434146410789,-0.4742788222764252,-0.4734077245683853,-0.4915983593444486,0.0,0.0,1.0,0.0,0.0,1.0,1.0
1,1.4663467638222918,0.43255042804180416,-0.4734077245683853,0.920727213296387,1.0,0.0,0.0,0.0,0.0,1.0,0.0
0,1.6958124951045175,-0.4742788222764252,-0.4734077245683853,0.14882837107852379,1.0,0.0,0.0,1.0,0.0,0.0,1.0
0,0.05513251643660325,-0.4742788222764252,-0.4734077245683853,-0.4921014439716465,0.0,0.0,1.0,0.0,1.0,0.0,0.0
0,1.7302323547968512,0.43255042804180416,-0.4734077245683853,-0.16207792852980063,0.0,0.0,1.0,0.0,1.0,0.0,1.0
0,0.15839209551360486,-0.4742788222764252,-0.4734077245683853,-0.4797758706052971,0.0,0.0,1.0,0.0,0.0,1.0,1.0
0,-0.392325659563737,-0.4742788222764252,-0.4734077245683853,-0.456885520067791,0.0,0.0,1.0,0.0,0.0,1.0,1.0
0,1.2598276056682887,-0.4742788222764252,-0.4734077245683853,-0.49000458724548557,0.0,0.0,1.0,0.0,0.0,1.0,1.0
0,1.8793850801302983,-0.4742788222764252,-0.4734077245683853,-0.4367621349798736,0.0,1.0,0.0,0.0,0.0,1.0,0.0
0,0.4222776864881645,-0.4742788222764252,-0.4734077245683853,-0.5026662211428031,0.0,0.0,1.0,1.0,0.0,0.0,1.0
1,1.672865921976295,0.43255042804180416,3.2484124159354204,-0.18521982138090565,0.0,1.0,0.0,0.0,0.0,1.0,0.0
0,-0.8053639758717435,-0.4742788222764252,-0.4734077245683853,-0.4921014439716465,0.0,0.0,1.0,0.0,0.0,1.0,1.0
0,1.7302323547968512,-0.4742788222764252,-0.4734077245683853,-0.4921014439716465,0.0,0.0,1.0,0.0,1.0,0.0,1.0
1,-1.700280327872424,-0.4742788222764252,-0.4734077245683853,-0.3970184494312366,0.0,0.0,1.0,0.0,0.0,1.0,0.0
0,0.6287968446421677,-0.4742788222764252,-0.4734077245683853,-0.4923529862852455,0.0,0.0,1.0,0.0,1.0,0.0,1.0
1,0.9156290087449499,-0.4742788222764252,0.7671989889328833,3.604768217614744,1.0,0.0,0.0,0.0,0.0,1.0,0.0
1,-1.149562572795082,-0.4742788222764252,-0.4734077245683853,-0.5025817029254339,0.0,0.0,1.0,1.0,0.0,0.0,0.0
1,-0.8742036952564112,0.43255042804180416,-0.4734077245683853,0.49897527160828714,1.0,0.0,0.0,0.0,0.0,1.0,0.0
0,-0.04812706264039835,-0.4742788222764252,-0.4734077245683853,-0.04435612576548361,1.0,0.0,0.0,0.0,0.0,1.0,1.0
0,-1.21840229217975,0.43255042804180416,2.007805702434152,-0.17616429809134282,0.0,0.0,1.0,0.0,0.0,1.0,1.0
0,-0.3234859401790693,-0.4742788222764252,-0.4734077245683853,-0.5061878135331888,0.0,0.0,1.0,0.0,0.0,1.0,1.0
0,-0.3234859401790693,-0.4742788222764252,-0.4734077245683853,-0.5021631365156053,0.0,0.0,1.0,0.0,0.0,1.0,1.0
1,-0.8053639758717435,-0.4742788222764252,-0.4734077245683853,-0.49721680846099514,0.0,0.0,1.0,0.0,0.0,1.0,0.0
0,-1.4937611697184208,3.1530381789964923,0.7671989889328833,-0.06196408771741136,0.0,0.0,1.0,0.0,1.0,0.0,1.0
1,-1.975639205411095,0.43255042804180416,2.007805702434152,-0.23401903021910545,0.0,0.0,1.0,0.0,0.0,1.0,1.0
0,1.122148166898953,-0.4742788222764252,-0.4734077245683853,0.9457144205600542,1.0,0.0,0.0,1.0,0.0,0.0,1.0
0,1.7302323547968512,-0.4742788222764252,-0.4734077245683853,-0.4921014439716465,0.0,0.0,1.0,0.0,1.0,0.0,1.0
0,-0.9430434146410789,-0.4742788222764252,-0.4734077245683853,-0.12484966611715334,0.0,1.0,0.0,0.0,0.0,1.0,1.0
0,-1.103669426538637,6.780355180269409,2.007805702434152,0.7515237544616509,0.0,0.0,1.0,0.0,0.0,1.0,0.0
0,0.8926824356167273,-0.4742788222764252,-0.4734077245683853,-0.030354274421310688,1.0,0.0,0.0,1.0,0.0,0.0,1.0
0,-0.3234859401790693,-0.4742788222764252,-0.4734077245683853,-0.48916745442582815,0.0,0.0,1.0,0.0,0.0,1.0,1.0
0,0.640270131206279,-0.4742788222764252,-0.4734077245683853,-0.38645367226008,0.0,1.0,0.0,0.0,0.0,1.0,1.0
1,1.3286673250529564,-0.4742788222764252,-0.4734077245683853,-0.12627440178137786,1.0,0.0,0.0,0.0,0.0,1.0,0.0
1,0.08955237612893711,-0.4742788222764252,-0.4734077245683853,-0.4733202886690932,0.0,0.0,1.0,0.0,0.0,1.0,0.0
0,0.02071265674426938,-0.4742788222764252,-0.4734077245683853,-0.5025817029254339,0.0,0.0,1.0,1.0,0.0,0.0,1.0
0,0.02071265674426938,0.43255042804180416,0.7671989889328833,-0.16207792852980063,0.0,0.0,1.0,0.0,0.0,1.0,0.0
0,0.2960715342829403,-0.4742788222764252,-0.4734077245683853,-0.38645367226008,0.0,1.0,0.0,0.0,0.0,1.0,1.0
1,0.08955237612893711,0.43255042804180416,0.7671989889328833,-0.11981881984517398,0.0,1.0,0.0,0.0,0.0,1.0,0.0
1,-1.2872420115644176,0.43255042804180416,2.007805702434152,1.7667485321470855,1.0,0.0,0.0,0.0,0.0,1.0,1.0
1,-2.0155662426542023,-0.4742788222764252,0.7671989889328833,-0.47667284462474024,0.0,0.0,1.0,1.0,0.0,0.0,1.0
1,-0.18580650140973382,-0.4742788222764252,-0.4734077245683853,-0.5076970674147825,0.0,0.0,1.0,0.0,0.0,1.0,1.0
0,0.08955237612893711,-0.4742788222764252,-0.4734077245683853,-0.4915983593444486,0.0,0.0,1.0,0.0,0.0,1.0,1.0
0,0.640270131206279,-0.4742788222764252,-0.4734077245683853,-0.6480576784030067,1.0,0.0,0.0,0.0,0.0,1.0,1.0
0,-0.8053639758717435,-0.4742788222764252,-0.4734077245683853,-0.4915983593444486,0.0,0.0,1.0,0.0,0.0,1.0,0.0
0,0.640270131206279,-0.4742788222764252,-0.4734077245683853,-0.38645367226008,0.0,1.0,0.0,0.0,0.0,1.0,1.0
1,0.22723181489827257,0.43255042804180416,-0.4734077245683853,0.42049406976540915,1.0,0.0,0.0,0.0,0.0,1.0,0.0
0,-0.2546462207944016,-0.4742788222764252,-0.4734077245683853,-0.4893344785220579,0.0,0.0,1.0,0.0,0.0,1.0,1.0
0,0.640270131206279,-0.4742788222764252,-0.4734077245683853,-0.16207792852980063,0.0,0.0,1.0,0.0,0.0,1.0,1.0
0,0.36491125366760807,-0.4742788222764252,-0.4734077245683853,-0.4367621349798736,0.0,1.0,0.0,0.0,0.0,1.0,1.0
0,-1.6314406084877562,3.1530381789964923,2.007805702434152,-0.01869880977838891,0.0,0.0,1.0,0.0,0.0,1.0,0.0
0,0.05513251643660325,-0.4742788222764252,-0.4734077245683853,-0.48606442844527126,0.0,0.0,1.0,0.0,0.0,1.0,1.0
0,0.640270131206279,-0.4742788222764252,-0.4734077245683853,-0.6480576784030067,1.0,0.0,0.0,0.0,0.0,1.0,1.0
0,-0.46116537894840476,-0.4742788222764252,-0.4734077245683853,-0.48857985158126094,0.0,0.0,1.0,0.0,0.0,1.0,0.0
0,0.08955237612893711,0.43255042804180416,0.7671989889328833,0.09659208806730762,0.0,1.0,0.0,1.0,0.0,0.0,1.0
0,0.9156290087449499,-0.4742788222764252,-0.4734077245683853,-0.5182618445859392,0.0,0.0,1.0,0.0,0.0,1.0,1.0
0,-1.3560817309490854,2.246208928678263,2.007805702434152,-0.08661523445011025,0.0,0.0,1.0,0.0,0.0,1.0,1.0
1,1.5351864832069595,0.43255042804180416,0.7671989889328833,1.2334788273172734,1.0,0.0,0.0,0.0,0.0,1.0,0.0
1,-0.18580650140973382,-0.4742788222764252,-0.4734077245683853,-0.47373885507892183,0.0,0.0,1.0,0.0,0.0,1.0,1.0
0,0.5714304118216113,-0.4742788222764252,-0.4734077245683853,-0.6480576784030067,1.0,0.0,0.0,0.0,0.0,1.0,1.0
1,-0.18580650140973382,-0.4742788222764252,0.7671989889328833,-0.3970184494312366,0.0,0.0,1.0,0.0,0.0,1.0,0.0
0,-1.9067994860264272,3.1530381789964923,0.7671989889328833,0.15058916727371655,0.0,0.0,1.0,0.0,0.0,1.0,1.0
0,-0.5529516714612951,-0.4742788222764252,-0.4734077245683853,-0.5082001520419804,0.0,0.0,1.0,0.0,1.0,0.0,1.0
0,-0.07107363576862093,-0.4742788222764252,-0.4734077245683853,0.4888290608469592,0.0,0.0,1.0,0.0,0.0,1.0,1.0
1,-1.975639205411095,-0.4742788222764252,2.007805702434152,0.09659208806730762,0.0,1.0,0.0,1.0,0.0,0.0,1.0
1,1.7302323547968512,-0.4742788222764252,-0.4734077245683853,-0.4921014439716465,0.0,0.0,1.0,0.0,1.0,0.0,1.0
1,2.223583677053637,-0.4742788222764252,-0.4734077245683853,0.9618131286303881,1.0,0.0,0.0,0.0,0.0,0.0,0.0
1,-1.0118831340257466,0.43255042804180416,-0.4734077245683853,-0.35719024566523044,0.0,0.0,1.0,1.0,0.0,0.0,0.0
1,-1.9873419577064886,0.43255042804180416,0.7671989889328833,-0.27074420800455473,0.0,1.0,0.0,0.0,0.0,1.0,1.0
0,-0.34643251330729186,-0.4742788222764252,-0.4734077245683853,-0.5025817029254339,0.0,0.0,1.0,1.0,0.0,0.0,1.0
0,-0.46116537894840476,-0.4742788222764252,-0.4734077245683853,-0.49000458724548557,0.0,0.0,1.0,0.0,0.0,1.0,1.0
0,-0.8053639758717435,-0.4742788222764252,-0.4734077245683853,-0.4810335821732919,0.0,0.0,1.0,0.0,0.0,1.0,1.0
1,0.640270131206279,0.43255042804180416,0.7671989889328833,1.0253688157535576,1.0,0.0,0.0,1.0,0.0,0.0,0.0
0,-0.5988448177177402,-0.4742788222764252,-0.4734077245683853,-0.47373885507892183,0.0,0.0,1.0,0.0,0.0,1.0,1.0
0,-0.3005393670508467,-0.4742788222764252,-0.4734077245683853,-0.48606442844527126,0.0,0.0,1.0,0.0,0.0,1.0,1.0
1,0.15839209551360486,-0.4742788222764252,-0.4734077245683853,0.4888290608469592,0.0,0.0,1.0,0.0,0.0,1.0,1.0
1,0.6173235580780564,-0.4742788222764252,-0.4734077245683853,-0.05039314129185885,1.0,0.0,0.0,1.0,0.0,0.0,1.0
0,-0.6676845371024079,-0.4742788222764252,-0.4734077245683853,-0.48857985158126094,0.0,0.0,1.0,0.0,0.0,1.0,1.0
0,-0.9430434146410789,-0.4742788222764252,-0.4734077245683853,-0.4367621349798736,0.0,1.0,0.0,0.0,0.0,1.0,1.0
1,0.02071265674426938,-0.4742788222764252,-0.4734077245683853,-0.024232740677566172,1.0,0.0,0.0,1.0,0.0,0.0,0.0
0,0.33049139397527416,-0.4742788222764252,-0.4734077245683853,-0.5185133868995382,0.0,0.0,1.0,1.0,0.0,0.0,1.0
0,-0.8742036952564112,-0.4742788222764252,-0.4734077245683853,-0.47373885507892183,0.0,0.0,1.0,0.0,0.0,1.0,1.0
0,0.8467892893602822,-0.4742788222764252,-0.4734077245683853,-0.49612612098923,0.0,0.0,1.0,0.0,0.0,1.0,1.0
0,-1.4478680234619754,6.780355180269409,2.007805702434152,0.7515237544616509,0.0,0.0,1.0,0.0,0.0,1.0,1.0
0,0.36491125366760807,-0.4742788222764252,-0.4734077245683853,-0.48916745442582815,0.0,0.0,1.0,1.0,0.0,0.0,1.0
0,-0.11696678202506608,-0.4742788222764252,0.7671989889328833,0.016014029498268696,0.0,1.0,0.0,0.0,0.0,1.0,1.0
1,0.8238427162320595,0.43255042804180416,-0.4734077245683853,1.1450204511478062,1.0,0.0,0.0,1.0,0.0,0.0,0.0
0,-1.7691200472570916,3.1530381789964923,2.007805702434152,-0.01869880977838891,0.0,0.0,1.0,0.0,0.0,1.0,1.0
0,3.0496603096696497,-0.4742788222764252,-0.4734077245683853,-0.4915983593444486,0.0,0.0,1.0,0.0,0.0,1.0,1.0
0,-1.424921450333753,0.43255042804180416,0.7671989889328833,-0.34126057402963506,0.0,0.0,1.0,1.0,0.0,0.0,0.0
1,-0.9430434146410789,-0.4742788222764252,0.7671989889328833,0.14480369406094024,1.0,0.0,0.0,0.0,0.0,1.0,0.0
0,0.9844687281296176,0.43255042804180416,-0.4734077245683853,-0.12484966611715334,0.0,1.0,0.0,0.0,0.0,1.0,0.0
1,-0.8053639758717435,-0.4742788222764252,0.7671989889328833,-0.4599040278309786,0.0,0.0,1.0,0.0,0.0,1.0,0.0
1,1.0533084475142853,0.43255042804180416,0.7671989889328833,2.6696184138711505,1.0,0.0,0.0,0.0,0.0,1.0,0.0
1,1.4663467638222918,-0.4742788222764252,-0.4734077245683853,-0.11378180431879874,1.0,0.0,0.0,0.0,0.0,1.0,1.0
1,-0.392325659563737,-0.4742788222764252,3.2484124159354204,-0.26051549136436636,0.0,0.0,1.0,1.0,0.0,0.0,0.0
0,-0.34643251330729186,-0.4742788222764252,-0.4734077245683853,-0.5025817029254339,0.0,0.0,1.0,1.0,0.0,0.0,1.0
0,0.7779495699756145,1.3393796783600334,-0.4734077245683853,-0.3641509245671411,0.0,0.0,1.0,0.0,0.0,1.0,1.0
0,-0.5988448177177402,0.43255042804180416,-0.4734077245683853,-0.41663874989195615,0.0,1.0,0.0,0.0,0.0,1.0,1.0
1,1.2598276056682887,-0.4742788222764252,-0.4734077245683853,-0.12627440178137786,1.0,0.0,0.0,0.0,0.0,1.0,0.0
0,-1.103669426538637,6.780355180269409,2.007805702434152,0.7515237544616509,0.0,0.0,1.0,0.0,0.0,1.0,0.0
0,-0.392325659563737,-0.4742788222764252,-0.4734077245683853,-0.38645367226008,0.0,1.0,0.0,0.0,0.0,1.0,1.0
1,0.8467892893602822,-0.4742788222764252,-0.4734077245683853,-0.38645367226008,0.0,1.0,0.0,0.0,0.0,1.0,0.0
1,-0.18580650140973382,0.43255042804180416,-0.4734077245683853,-0.36918177083912046,0.0,1.0,0.0,1.0,0.0,0.0,0.0
0,0.08955237612893711,-0.4742788222764252,-0.4734077245683853,0.3680887503194546,1.0,0.0,0.0,0.0,0.0,1.0,1.0
0,-0.0940202088968435,-0.4742788222764252,-0.4734077245683853,-0.456885520067791,0.0,0.0,1.0,0.0,0.0,1.0,1.0
1,-1.7691200472570916,0.43255042804180416,0.7671989889328833,-0.4240179952036955,0.0,0.0,1.0,0.0,0.0,1.0,1.0
0,-0.2546462207944016,-0.4742788222764252,-0.4734077245683853,-0.48916745442582815,0.0,0.0,1.0,0.0,0.0,1.0,1.0
1,1.190987886283621,0.43255042804180416,0.7671989889328833,0.4095107261844238,1.0,0.0,0.0,0.0,0.0,1.0,0.0
0,0.22723181489827257,-0.4742788222764252,-0.4734077245683853,-0.5474407529634194,1.0,0.0,0.0,0.0,0.0,1.0,1.0
0,1.190987886283621,-0.4742788222764252,-0.4734077245683853,-0.4669472126117497,0.0,0.0,1.0,0.0,0.0,1.0,1.0
1,-0.11696678202506608,0.43255042804180416,-0.4734077245683853,-0.1650964362929882,0.0,1.0,0.0,1.0,0.0,0.0,0.0
1,-1.0118831340257466,-0.4742788222764252,-0.4734077245683853,-0.5026662211428031,0.0,0.0,1.0,1.0,0.0,0.0,0.0
0,-0.6676845371024079,-0.4742788222764252,-0.4734077245683853,-0.44992685350438916,0.0,0.0,1.0,0.0,0.0,1.0,1.0
0,-0.7365242564870756,-0.4742788222764252,-0.4734077245683853,-0.48916745442582815,0.0,0.0,1.0,0.0,0.0,1.0,1.0
0,-0.1169667820250661,-0.4742788222764252,-0.4734077245683853,-0.48916745442582815,0.0,0.0,1.0,0.0,0.0,1.0,1.0
1,1.8105453607456305,-0.4742788222764252,0.7671989889328833,1.0253688157535576,1.0,0.0,0.0,1.0,0.0,0.0,0.0
1,-0.3234859401790693,-0.4742788222764252,0.7671989889328833,-0.12484966611715334,0.0,1.0,0.0,0.0,0.0,1.0,0.0
0,0.22723181489827257,-0.4742788222764252,-0.4734077245683853,-0.48916745442582815,0.0,0.0,1.0,0.0,0.0,1.0,1.0
0,-0.5300050983330725,-0.4742788222764252,-0.4734077245683853,-0.43642607444890535,0.0,0.0,1.0,0.0,0.0,1.0,0.0
0,-0.11696678202506608,-0.4742788222764252,-0.4734077245683853,-0.4367621349798736,0.0,1.0,0.0,0.0,0.0,1.0,1.0
0,-0.3234859401790693,-0.4742788222764252,-0.4734077245683853,-0.5061878135331888,0.0,0.0,1.0,0.0,0.0,1.0,1.0
0,0.640270131206279,-0.4742788222764252,5.729625842937959,-0.06196408771741136,0.0,0.0,1.0,0.0,1.0,0.0,0.0
0,-0.18580650140973382,-0.4742788222764252,-0.4734077245683853,-0.38645367226008,0.0,1.0,0.0,0.0,0.0,1.0,1.0
1,-0.7365242564870756,-0.4742788222764252,-0.4734077245683853,-0.04435612576548361,1.0,0.0,0.0,0.0,0.0,1.0,0.0
0,-0.7824174027435209,0.43255042804180416,2.007805702434152,-0.17616429809134282,0.0,0.0,1.0,0.0,0.0,1.0,0.0
1,-0.2546462207944016,-0.4742788222764252,-0.4734077245683853,-0.04435612576548361,1.0,0.0,0.0,1.0,0.0,0.0,1.0
0,0.15839209551360486,-0.4742788222764252,-0.4734077245683853,-0.4921014439716465,0.0,0.0,1.0,0.0,1.0,0.0,1.0
